100644 blob 1bb78f3f857ad78ded544d5f2c2f300a66563652	ros2_ws/src/alfa_control_interfaces/CMakeLists.txt
100644 blob 8fc22c5b5847c22f756b6987baba02c3c55e532e	ros2_ws/src/alfa_control_interfaces/action/VacuumGrip.action
100644 blob 5d930c7bec3272818fd6d23830166ccfd8de7b40	ros2_ws/src/alfa_control_interfaces/msg/VacuumChannelResult.msg
100644 blob bee3334af25d700bf2aed10d4812a1503de08d62	ros2_ws/src/alfa_control_interfaces/msg/VacuumChannelSample.msg
100644 blob 79ee5804bfd6d241355ba9014d4294d4b99a6fff	ros2_ws/src/alfa_control_interfaces/package.xml
100644 blob 81597b4030f4b6e1d775a39dd5d8f1581c0169d3	ros2_ws/src/alfa_robot_analytic_ik/CMakeLists.txt
100644 blob 23a63c8e48d45bc36e17fc0838ad9b47f77c5a82	ros2_ws/src/alfa_robot_analytic_ik/README.md
100644 blob 3f01160b31dfb777e7447c30a6c9b5f464e5bba5	ros2_ws/src/alfa_robot_analytic_ik/include/alfa_robot_analytic_ik/analytic_ik.hpp
100644 blob acbc368097392d247b0b9854a4f43c81b04f19cc	ros2_ws/src/alfa_robot_analytic_ik/include/alfa_robot_analytic_ik/v3_redundant_analytic_ik.hpp
100644 blob 384a8795d0f0ff8b41d8efac01479e37aaec6319	ros2_ws/src/alfa_robot_analytic_ik/package.xml
100644 blob 6dd0a6f1f2c2db420e1fa27db0cbf11dff94e682	ros2_ws/src/alfa_robot_analytic_ik/src/analytic_ik.cpp
100644 blob 14a35d298a9cea5ac1c21f2bafdb76ce6c281261	ros2_ws/src/alfa_robot_analytic_ik/src/v3_redundant_analytic_ik.cpp
100644 blob 6e5078df6c7a0ffb6d8e9b41c977c163e25ca8b0	ros2_ws/src/alfa_robot_analytic_ik/test/test_analytic_ik.cpp
100644 blob 4449e7e0592faf37b89adf0a66c81f2dcff347fc	ros2_ws/src/alfa_robot_analytic_ik/test/test_v3_redundant_analytic_ik.cpp
100755 blob 71e3ed9c909e9da31741fb20e1e46a24a8bb12df	ros2_ws/src/alfa_robot_description/.clang-format
100755 blob e1249fcf5a062a74e2865b9be153872168f5138b	ros2_ws/src/alfa_robot_description/.codespell-ignore-words.txt
100755 blob 046b3ae5a10098c8e4e488bb418db56d523a276d	ros2_ws/src/alfa_robot_description/.github/workflows/docs-sphinx-build-check.yml
100755 blob ce4b5d7fe1a10c46a8bf2a97ec04c29a603a4bca	ros2_ws/src/alfa_robot_description/.github/workflows/docs-sphinx-make-page.yml
100755 blob 6e94119425ff7661047b79486f3011437722d8bb	ros2_ws/src/alfa_robot_description/.pre-commit-config.yaml
100755 blob cafeaa685372e91d46f0985010775bbcfacaf8aa	ros2_ws/src/alfa_robot_description/CMakeLists.txt
100755 blob 75b52484ea471f882c29e02693b4f02dba175b5e	ros2_ws/src/alfa_robot_description/LICENSE
100644 blob 63a8863871eb744cc64af5032885e571e6b9239a	ros2_ws/src/alfa_robot_description/README.md
100755 blob e69de29bb2d1d6434b8b29ae775ad8c2e48c5391	ros2_ws/src/alfa_robot_description/config/.gitkeep
100644 blob ce3b1b93e3feb736efbe0c6da7db0b74a38e69ae	ros2_ws/src/alfa_robot_description/config/initial_positions.yaml
100644 blob 8f1413d51963c8be5002419e741402a0d01a99e6	ros2_ws/src/alfa_robot_description/config/initial_positions_gripper.yaml
100644 blob ce3b1b93e3feb736efbe0c6da7db0b74a38e69ae	ros2_ws/src/alfa_robot_description/config/initial_positions_suction.yaml
100644 blob 8e9bd8f16973e26786f1c0d38685e24c9e9eac85	ros2_ws/src/alfa_robot_description/config/joint_limits.yaml
100644 blob 97ccca8e100ddc3323abaa81115fbc353c8d93ba	ros2_ws/src/alfa_robot_description/config/joint_limits_gripper.yaml
100644 blob 8e9bd8f16973e26786f1c0d38685e24c9e9eac85	ros2_ws/src/alfa_robot_description/config/joint_limits_suction.yaml
100644 blob 3e72b418db629cea21c38b7cc5dd3df393e1173c	ros2_ws/src/alfa_robot_description/config/named_poses.yaml
100644 blob d4928036e7252967487ec29c2a0e86cb14892fe7	ros2_ws/src/alfa_robot_description/config/named_poses_gripper.yaml
100644 blob 3e72b418db629cea21c38b7cc5dd3df393e1173c	ros2_ws/src/alfa_robot_description/config/named_poses_suction.yaml
100644 blob 5dd37d08896af6cb3accf5709a2cf81673966410	ros2_ws/src/alfa_robot_description/config/upstream_description.lock.json
100644 blob 34a4afc470aca566b531809853ef4acd79502206	ros2_ws/src/alfa_robot_description/config/upstream_description_manifest.json
100755 blob 8d2caaf90e230967c355dccbe5a8fbaf6ff1909d	ros2_ws/src/alfa_robot_description/launch/alfa_robot.launch.xml
100755 blob 53994ed11af6e4d9ac0ae5a4fb44df14f85de9c2	ros2_ws/src/alfa_robot_description/launch/view_alfa_robot.launch.py
100644 blob e062fe7b67b7f494aa735c638119aefaed1704ac	ros2_ws/src/alfa_robot_description/meshes/active_suspension/active_suspension_carriage.stl
100644 blob b7566c8a181186c24dc8749e9f7f98b9980af757	ros2_ws/src/alfa_robot_description/meshes/active_suspension/caster01.stl
100644 blob 641ddbd6d58543a27b2cd4d937c953a7b4b77920	ros2_ws/src/alfa_robot_description/meshes/active_suspension/caster02.stl
100644 blob bb212294910dd12cf4050029c6f29c7e96e0676d	ros2_ws/src/alfa_robot_description/meshes/active_suspension/caster03.stl
100644 blob 6d36f2a395cc0bf0300fddfcd32274fb91c1738a	ros2_ws/src/alfa_robot_description/meshes/active_suspension/caster04.stl
100644 blob 34a672da5f297795ae764929ffc0e51f99fb1095	ros2_ws/src/alfa_robot_description/meshes/active_suspension/wheel01.stl
100644 blob 033b9aa1656fe9626b786c8d71afb3f3c35b2db3	ros2_ws/src/alfa_robot_description/meshes/active_suspension/wheel02.stl
100644 blob 85d58a8b27c3b18db35906a659da72534f01395b	ros2_ws/src/alfa_robot_description/meshes/active_suspension/wheel03.stl
100644 blob ddc880674583ab14c5e6a07a18db8368a8283946	ros2_ws/src/alfa_robot_description/meshes/active_suspension/wheel04.stl
100644 blob f6103f4589edd3f6eb441adc07da0ab58158dbc8	ros2_ws/src/alfa_robot_description/meshes/chassis/part_001_solid_001.stl
100644 blob fc83f4b41668a2e1098a7dc6a8fffb73426f854f	ros2_ws/src/alfa_robot_description/meshes/chassis/part_003_solid_003.stl
100644 blob 3e9ff3d3cb2134e7e3cc88fd9382623709238c1e	ros2_ws/src/alfa_robot_description/meshes/chassis/part_004_solid_004.stl
100644 blob 9276761adf39e1325461359e7d0e304f05b05053	ros2_ws/src/alfa_robot_description/meshes/chassis/part_006_solid_006.stl
100644 blob 315a46b5a78f103a96130f58ff428e8011f063d5	ros2_ws/src/alfa_robot_description/meshes/chassis/part_007_solid_007.stl
100644 blob da6089b3753bea8c5183ae116abd6283ec2951e4	ros2_ws/src/alfa_robot_description/meshes/chassis/part_008_solid_008.stl
100644 blob aa34f6314735b507e3135af2255f0c711753eba0	ros2_ws/src/alfa_robot_description/meshes/chassis/part_010_solid_010.stl
100644 blob ce0d9ebd5e949e6712be52d44aad077e7ce701bd	ros2_ws/src/alfa_robot_description/meshes/chassis/part_012_solid_012.stl
100644 blob 4fcd6f812cb8cf893a2311e84e5561c7617684ed	ros2_ws/src/alfa_robot_description/meshes/chassis/part_013_solid_013.stl
100644 blob 7255211b705331da99112467c9b5c3b00e467177	ros2_ws/src/alfa_robot_description/meshes/chassis/part_014_solid_014.stl
100644 blob b897f471c93fd735a2fd55fd28a97510a396bf40	ros2_ws/src/alfa_robot_description/meshes/chassis/part_015_solid_015.stl
100644 blob 3081ed757ab76034480bb14cd3108fe848cb7d56	ros2_ws/src/alfa_robot_description/meshes/chassis/part_016_solid_016.stl
100644 blob d041d46895a5cb699a5b5779b263d54488c08fdd	ros2_ws/src/alfa_robot_description/meshes/chassis/part_017_solid_017.stl
100644 blob ff9511bdb99941d735731befd2c6726228f2bf83	ros2_ws/src/alfa_robot_description/meshes/current_robot/collision/base_link.STL
100644 blob 2fa02cd1e8814d3cd55a0af503eb8bdab60f892d	ros2_ws/src/alfa_robot_description/meshes/current_robot/collision/cam_front.STL
100644 blob 8acd0d118c3811ed221d5447f5c1b0c22ed33a12	ros2_ws/src/alfa_robot_description/meshes/current_robot/collision/cam_rear.STL
100644 blob 3cb2b8166215baccd6397559d109e368080d6812	ros2_ws/src/alfa_robot_description/meshes/current_robot/collision/front_sensor.STL
100644 blob 223ba9c2373460593516c8dd1b8c5e3874b95f1a	ros2_ws/src/alfa_robot_description/meshes/current_robot/collision/leftjoint1.STL
100644 blob 6408065a6742a0420df0adf287f9f1fa0f8012f2	ros2_ws/src/alfa_robot_description/meshes/current_robot/collision/leftjoint2.STL
100644 blob ecf5a9d55488750f9389e544b119f96acc89e0b9	ros2_ws/src/alfa_robot_description/meshes/current_robot/collision/leftjoint3.STL
100644 blob a318a688b7793316043d99f8adeae58d2a27dbb1	ros2_ws/src/alfa_robot_description/meshes/current_robot/collision/leftjoint4.STL
100644 blob a0838d2ed264a1eaff3bdb60168249f88abfa051	ros2_ws/src/alfa_robot_description/meshes/current_robot/collision/leftjoint5.STL
100644 blob 8e0402882f3f002f244cb99627f652ad96b079d2	ros2_ws/src/alfa_robot_description/meshes/current_robot/collision/leftjoint6.STL
100644 blob 78c97bff2490989f55739475f361602bbbbbe2e1	ros2_ws/src/alfa_robot_description/meshes/current_robot/collision/lidar_front.STL
100644 blob 998fa45292b6d5ec101681347775c2e25941cd01	ros2_ws/src/alfa_robot_description/meshes/current_robot/collision/lidar_rear.STL
100644 blob 571600806f61c891f5fc80af1513cf75cf759f50	ros2_ws/src/alfa_robot_description/meshes/current_robot/collision/pitch.STL
100644 blob 600a2fe21647a7d903012c47d45c598c5786f09e	ros2_ws/src/alfa_robot_description/meshes/current_robot/collision/rightjoint1.STL
100644 blob c795e6187e6893128b74f65e940debdaab1e9f68	ros2_ws/src/alfa_robot_description/meshes/current_robot/collision/rightjoint2.STL
100644 blob 434ba613aa95467f76bff00479592299c38d2de4	ros2_ws/src/alfa_robot_description/meshes/current_robot/collision/rightjoint3.STL
100644 blob 6c89f234b860fd5b6b1a0b70f3b1151dc225d6b4	ros2_ws/src/alfa_robot_description/meshes/current_robot/collision/rightjoint4.STL
100644 blob 1c6cbc7bdd35b83a8c2d2c6e52cdcaf81db48ff3	ros2_ws/src/alfa_robot_description/meshes/current_robot/collision/rightjoint5.STL
100644 blob 40aea47627b196891bec92daef0bf29f86d9cf4b	ros2_ws/src/alfa_robot_description/meshes/current_robot/collision/rightjoint6.STL
100644 blob 217825498c35faa3e9ce122b51e6f501b153a470	ros2_ws/src/alfa_robot_description/meshes/current_robot/collision/turn.STL
100644 blob ff014b157951c12e54db94858ab5035675dbe020	ros2_ws/src/alfa_robot_description/meshes/current_robot/collision/updown.STL
100644 blob 8b8a7838a9bbdbe0419e8d8d26410eca73a841b5	ros2_ws/src/alfa_robot_description/meshes/current_robot/visual/base_link.STL
100644 blob 173ef87815e47c38caf0f490647e0ff2992f1107	ros2_ws/src/alfa_robot_description/meshes/current_robot/visual/cam_front.STL
100644 blob a41e5cc06c530647457c19356cd0c58e0af912a4	ros2_ws/src/alfa_robot_description/meshes/current_robot/visual/cam_rear.STL
100644 blob 73571924e11442c38a79315d68b352b55f7dc2d3	ros2_ws/src/alfa_robot_description/meshes/current_robot/visual/front_sensor.STL
100644 blob 5b94b74585af6cd5e8e6e138253e45bee4358453	ros2_ws/src/alfa_robot_description/meshes/current_robot/visual/leftjoint1.STL
100644 blob 001c263a3209a9309995d1c473dee811181d6587	ros2_ws/src/alfa_robot_description/meshes/current_robot/visual/leftjoint2.STL
100644 blob bec86c6091bd7a9a9c58a64f05b371e94a2ffa09	ros2_ws/src/alfa_robot_description/meshes/current_robot/visual/leftjoint3.STL
100644 blob b47180d195015398819e25ee6b06f6af0c91f98a	ros2_ws/src/alfa_robot_description/meshes/current_robot/visual/leftjoint4.STL
100644 blob f05dca02d53e7fb5db6a908cc43901938c75f12a	ros2_ws/src/alfa_robot_description/meshes/current_robot/visual/leftjoint5.STL
100644 blob 18229d48745e1cdbe38f37a633f20f10e1dbf2cb	ros2_ws/src/alfa_robot_description/meshes/current_robot/visual/leftjoint6.STL
100644 blob d319ba3e5d9cd044dcbc8298dcea2e29b289b5f2	ros2_ws/src/alfa_robot_description/meshes/current_robot/visual/lidar_front.STL
100644 blob aa8e51d70f9c35a078213ccc26578568038c8276	ros2_ws/src/alfa_robot_description/meshes/current_robot/visual/lidar_rear.STL
100644 blob dfacf9b9c8de34a6baf61d95e469a0f8fbf324a1	ros2_ws/src/alfa_robot_description/meshes/current_robot/visual/pitch.STL
100644 blob 6195fb5b6a415635279b6069f60b866def7535ef	ros2_ws/src/alfa_robot_description/meshes/current_robot/visual/rightjoint1.STL
100644 blob cc619029848dece4090c5ddd7c078272cb908f34	ros2_ws/src/alfa_robot_description/meshes/current_robot/visual/rightjoint2.STL
100644 blob 84ac159c3c81554a5b094f56fd9d1420a69a9946	ros2_ws/src/alfa_robot_description/meshes/current_robot/visual/rightjoint3.STL
100644 blob 95be816492758fe4db8a33c51a5da786a3ddc588	ros2_ws/src/alfa_robot_description/meshes/current_robot/visual/rightjoint4.STL
100644 blob 24a0bfd0f1735561d1e509ec665e7836d9db7566	ros2_ws/src/alfa_robot_description/meshes/current_robot/visual/rightjoint5.STL
100644 blob 3d6b8711ebbb947dd0c1087e0aa8b18547b29a9f	ros2_ws/src/alfa_robot_description/meshes/current_robot/visual/rightjoint6.STL
100644 blob cdcd0a71794eda33d235817462a11b7e7d6c931c	ros2_ws/src/alfa_robot_description/meshes/current_robot/visual/turn.STL
100644 blob d35a7a09fead858804eff4bac6620732c8108ace	ros2_ws/src/alfa_robot_description/meshes/current_robot/visual/updown.STL
100644 blob 6902ec5fe2b34e3347821b7d65095e0474523bb5	ros2_ws/src/alfa_robot_description/meshes/head/part_001_part.stl
100644 blob 337a882533271d8a1aa2c13900d690734ceb21f4	ros2_ws/src/alfa_robot_description/meshes/head/part_002_part.stl
100644 blob df9bf83f6369f54f5001c68c32425effdd3d0da5	ros2_ws/src/alfa_robot_description/meshes/head/part_003_ZED_X_Wide.stl
100644 blob ed214f31b278f92ebf8e8f1b4afd8ecea363bd99	ros2_ws/src/alfa_robot_description/meshes/head/part_004_part.stl
100644 blob c7a61a6162dae3bd0a05015e39e24ca9a871afe5	ros2_ws/src/alfa_robot_description/meshes/head/part_005_mid-360-asm_V2.00126..5.3.stl
100644 blob 6b84d894c6ff4aaf2da09af494acfaa24479b676	ros2_ws/src/alfa_robot_description/meshes/robot_v3/ee_fixed_body_collision.stl
100644 blob 314ef6324ffd3a390b1a74390b241e38f7866f49	ros2_ws/src/alfa_robot_description/meshes/robot_v3/ee_fixed_body_visual.stl
100644 blob a93d62bdfbed284910ccf4d51299a141713de678	ros2_ws/src/alfa_robot_description/meshes/robot_v3/moving_jaw_collision.stl
100644 blob b7b736becd1f8e15e30e41e53e4feff7d787f05d	ros2_ws/src/alfa_robot_description/meshes/robot_v3/moving_jaw_visual.stl
100644 blob cbe65c54c2a947ac43f140c2b07310a3ed985a70	ros2_ws/src/alfa_robot_description/meshes/robot_v3/part_001_solid_001.stl
100644 blob 229cae697b1702908940cb778cf96663a2aa56b6	ros2_ws/src/alfa_robot_description/meshes/robot_v3/part_002_solid_002.stl
100644 blob 9f91ec0cf46890ad4b4b157789ae8cd28a57a632	ros2_ws/src/alfa_robot_description/meshes/robot_v3/part_003_solid_003.stl
100644 blob 1f68f2c4d001695e9ce320b2005d2dd5c6eaa9aa	ros2_ws/src/alfa_robot_description/meshes/robot_v3/part_004_solid_004.stl
100644 blob f99f5f978d3390c75ffa9b762c6440bcfc7f96fa	ros2_ws/src/alfa_robot_description/meshes/robot_v3/part_005_solid_005.stl
100644 blob ef20e3ea774e7c6afaf628072b72e7ab84c57e7f	ros2_ws/src/alfa_robot_description/meshes/robot_v3/part_006_solid_006.stl
100644 blob 626bb5ec91b53fb4a183e50003e22f0239c28614	ros2_ws/src/alfa_robot_description/meshes/robot_v3/part_007_solid_007.stl
100644 blob ecf9be10eb32669e70f88d36a7e33729de76fbff	ros2_ws/src/alfa_robot_description/meshes/robot_v3/part_008_solid_008.stl
100644 blob 7cf654adec27d87573bc03100bd9431427ac89ba	ros2_ws/src/alfa_robot_description/meshes/robot_v3/part_009_solid_009.stl
100644 blob bac1b1bde3b7d8f6e093345237652166f10fad1f	ros2_ws/src/alfa_robot_description/meshes/robot_v3/part_010_solid_010.stl
100644 blob 6b68931e1ab51fc1ef5ca425bbab209df85cc5fd	ros2_ws/src/alfa_robot_description/meshes/robot_v3/part_011_solid_011.stl
100644 blob 5bec459ae6910136631e95a008393e8ece23c65b	ros2_ws/src/alfa_robot_description/meshes/robot_v3/part_012_solid_012.stl
100644 blob 0e0ebf2774a5053ae381993a1bcbe430d83611bc	ros2_ws/src/alfa_robot_description/meshes/robot_v3/part_013_solid_013.stl
100644 blob d766876f4d56307cfd8b04d46d8b438bcc2b290b	ros2_ws/src/alfa_robot_description/meshes/robot_v3/part_014_solid_014.stl
100644 blob 77adf2a573206a0b07a21932417c57f3eeeb4fb8	ros2_ws/src/alfa_robot_description/meshes/robot_v3/part_015_solid_015.stl
100644 blob 83404b8f2dca41a2ef256f8c1de7cdad74991be2	ros2_ws/src/alfa_robot_description/meshes/robot_v3/part_016_solid_016.stl
100644 blob 307f24ed280dd4cde5ff18b7152108f7868e142d	ros2_ws/src/alfa_robot_description/meshes/robot_v3/part_017_solid_017.stl
100644 blob c564a34757b55e6e3954fc33dd24cca7c1bab697	ros2_ws/src/alfa_robot_description/meshes/robot_v3/part_018_solid_018.stl
100644 blob c6cdfd05db778dc1f6fa06b4721676c4a6447c90	ros2_ws/src/alfa_robot_description/meshes/robot_v3/part_019_solid_019.stl
100644 blob a6c7abc0a7b65dc348cc82dfdde4174f95b69882	ros2_ws/src/alfa_robot_description/meshes/robot_v3/part_020_solid_020.stl
100644 blob d96573daca74a4198b3b5d6cbb9c25a796a42d35	ros2_ws/src/alfa_robot_description/meshes/robot_v3/part_021_solid_021.stl
100644 blob 16db071a5dc92be24b823721cc89f6fcbd40e83c	ros2_ws/src/alfa_robot_description/meshes/robot_v3/part_022_solid_022.stl
100644 blob 65385a88272852e0c533033fb611ba8a704347c7	ros2_ws/src/alfa_robot_description/meshes/robot_v3/part_023_solid_023.stl
100644 blob ddbd213d93430176edb9a813ed654acaec83e047	ros2_ws/src/alfa_robot_description/meshes/robot_v3/part_024_solid_024.stl
100644 blob a50bc41693b2a8143df2b3d2549f29bf4654c9bf	ros2_ws/src/alfa_robot_description/meshes/robot_v3/part_025_solid_025.stl
100644 blob 05249ea34b2ee73ac455770c47041596a2cebbe2	ros2_ws/src/alfa_robot_description/meshes/robot_v3/part_026_solid_026.stl
100644 blob bf2b76dba93758085bb2aaa0a7fff46e9c7ed0d1	ros2_ws/src/alfa_robot_description/meshes/robot_v3/part_027_solid_027.stl
100644 blob 7acfb570c8bce5050cafaeefdaa1bbd40cd83bdd	ros2_ws/src/alfa_robot_description/meshes/robot_v3/part_028_solid_028.stl
100644 blob 1543dc956a2e688d0e7701d945e6be1a2737b4a8	ros2_ws/src/alfa_robot_description/meshes/robot_v3/part_029_solid_029.stl
100644 blob c0bb78305a148cb46f370e3dfaa17f401d740b92	ros2_ws/src/alfa_robot_description/meshes/robot_v3/part_030_solid_030.stl
100644 blob f8c756980beabd7b3c9fb8c243589be915b75934	ros2_ws/src/alfa_robot_description/meshes/robot_v3/part_031_solid_031.stl
100644 blob b3c9e1818fea8e41e1becdb34909027264745bfe	ros2_ws/src/alfa_robot_description/meshes/robot_v3/part_032_solid_032.stl
100644 blob fbc3ece3e221bf5bfb0fcd617947055e0e1c05d3	ros2_ws/src/alfa_robot_description/meshes/robot_v3/part_033_solid_033.stl
100644 blob ec608e8fe5b9e4baa9dcb58d6edceec616ffa6b1	ros2_ws/src/alfa_robot_description/meshes/robot_v3/part_034_solid_034.stl
100644 blob 3181b9b7426e4ecbef6102cec8aa36076ba120cf	ros2_ws/src/alfa_robot_description/meshes/robot_v3/part_035_solid_035.stl
100644 blob d9053b61c4d2848eb2dbe4d106fd3183c20a1771	ros2_ws/src/alfa_robot_description/meshes/robot_v3/part_036_solid_036.stl
100644 blob 557612ad928027f757d682d3d4fe5143afd1918b	ros2_ws/src/alfa_robot_description/meshes/robot_v3/part_037_solid_037.stl
100644 blob 9fe90c53bf90bebca76f6a28016cd65e67ee9985	ros2_ws/src/alfa_robot_description/meshes/robot_v3/part_038_solid_038.stl
100644 blob ee477123543bb800e98fc9140dae2bc0b403da85	ros2_ws/src/alfa_robot_description/meshes/robot_v3/part_039_solid_039.stl
100644 blob 06e584219eaf73667d2b0515c53fd01f08516bc1	ros2_ws/src/alfa_robot_description/meshes/robot_v3/part_040_solid_040.stl
100644 blob 4d2b2ccfb45690e4346161a5aa12275e13246344	ros2_ws/src/alfa_robot_description/meshes/robot_v3/part_041_solid_041.stl
100644 blob fdf19e99c73fa869b1f763c296371f4bf0f5c413	ros2_ws/src/alfa_robot_description/meshes/robot_v3/part_042_solid_042.stl
100644 blob 1ec4eb72d3401653f9776841f2d736fe4d2c7fc4	ros2_ws/src/alfa_robot_description/meshes/robot_v3/part_043_solid_043.stl
100644 blob 4e1017a5f6a0e44a7524d4005eeb8becae67c73c	ros2_ws/src/alfa_robot_description/meshes/robot_v3/part_044_solid_044.stl
100644 blob 7e59a6350f3a716dd1eef8588ba177c58628525e	ros2_ws/src/alfa_robot_description/meshes/robot_v3/part_045_solid_045.stl
100644 blob 3c790f5f507b6ea2d6fde25752e1c1897f1564f7	ros2_ws/src/alfa_robot_description/meshes/robot_v3/part_046_solid_046.stl
100644 blob 1237437b0b7d58f15769b4a6cd70693ec7e909c2	ros2_ws/src/alfa_robot_description/meshes/robot_v3/suction_collision.stl
100644 blob 9f8f274c9db5385a08a85942546a46f67d6f3403	ros2_ws/src/alfa_robot_description/meshes/robot_v3/suction_visual.stl
100644 blob 5588e1a295b9ae6a00fb03f7e6d14230d35f8b56	ros2_ws/src/alfa_robot_description/meshes/robot_v3_0_2/README.md
100644 blob 0244c5437378e703d588cf6440b0aa1d1f690530	ros2_ws/src/alfa_robot_description/meshes/robot_v3_0_2/left/Link_1.stl
100644 blob 6ca560f0782202263f0d51ca06f13c2247dc3192	ros2_ws/src/alfa_robot_description/meshes/robot_v3_0_2/left/Link_2.stl
100644 blob dac68d8fc390fdca99d0f9cf387b65db4059ce44	ros2_ws/src/alfa_robot_description/meshes/robot_v3_0_2/left/Link_3.stl
100644 blob e542b507962ea6a0073b7516d0a3778193162277	ros2_ws/src/alfa_robot_description/meshes/robot_v3_0_2/left/Link_4.stl
100644 blob bf41fee3e9b18df46d22775dffcdd76c2bee4ded	ros2_ws/src/alfa_robot_description/meshes/robot_v3_0_2/left/Link_5.stl
100644 blob 138d110a6b58054f494caa23e7b68fa225d6b7b9	ros2_ws/src/alfa_robot_description/meshes/robot_v3_0_2/left/Link_6.stl
100644 blob b5086a968653067602500ca062637549d0728798	ros2_ws/src/alfa_robot_description/meshes/robot_v3_0_2/left/Link_7.stl
100644 blob 0b798999b3e740f30db50e485ea99614f55ff41f	ros2_ws/src/alfa_robot_description/meshes/robot_v3_0_2/left/base_link.stl
100644 blob 263eec3ffa8495d6dba66f4e486ae09e9c34a72a	ros2_ws/src/alfa_robot_description/meshes/robot_v3_0_2/right/Link_1.stl
100644 blob d588ef57cdb06e46ae47f1ab2b43708bce46b50e	ros2_ws/src/alfa_robot_description/meshes/robot_v3_0_2/right/Link_2.stl
100644 blob 8d8600dea66481b3e65bf667c0dc3a863c25a126	ros2_ws/src/alfa_robot_description/meshes/robot_v3_0_2/right/Link_3.stl
100644 blob ca51331b41d2ffadc23f8806bf4c35a68c11ce47	ros2_ws/src/alfa_robot_description/meshes/robot_v3_0_2/right/Link_4.stl
100644 blob 6a71a53de624e6406fa8ae8993a228bf9f911ee0	ros2_ws/src/alfa_robot_description/meshes/robot_v3_0_2/right/Link_5.stl
100644 blob cabbc7dd7fbe17d6ba05bde8c46f795c2e54fc0a	ros2_ws/src/alfa_robot_description/meshes/robot_v3_0_2/right/Link_6.stl
100644 blob 19b22edbb1e25b0b7675f6bbee6a03b71fcc9f86	ros2_ws/src/alfa_robot_description/meshes/robot_v3_0_2/right/Link_7.stl
100644 blob e8aa7c2273d18c90fdfc87173cc1ab13f0ad67d0	ros2_ws/src/alfa_robot_description/meshes/robot_v3_0_2/right/base_link.stl
100644 blob 40921396c5e12b1241b93b2647b11a40448f051a	ros2_ws/src/alfa_robot_description/meshes/robot_v3_0_3/README.md
100644 blob 2b5bc95ff08ecc23e666c32fbb6bb237ea7b62a1	ros2_ws/src/alfa_robot_description/meshes/robot_v3_0_3/export_report.json
100644 blob af3e9f391d2d1816431ff7e7aa840640399adab9	ros2_ws/src/alfa_robot_description/meshes/robot_v3_0_3/part_001_solid_001.stl
100644 blob c4fadd3d5296341ea5add4fd6f41656d749102b7	ros2_ws/src/alfa_robot_description/meshes/robot_v3_0_3/part_002_solid_002.stl
100644 blob cae58a0b52fdbf3e0dd55710621a658cadd2534a	ros2_ws/src/alfa_robot_description/meshes/robot_v3_0_3/part_003_solid_003.stl
100644 blob e4fb43c0458b264fa07a47d1467d24bdf1382631	ros2_ws/src/alfa_robot_description/meshes/robot_v3_0_3/part_004_solid_004.stl
100644 blob 48cc55d933bc4852078d281e1a24d6a684db3d89	ros2_ws/src/alfa_robot_description/meshes/robot_v3_0_3/part_005_solid_005.stl
100644 blob 34e081053075c9b63025d8e5d625431849b35006	ros2_ws/src/alfa_robot_description/meshes/robot_v3_0_3/part_006_solid_006.stl
100644 blob a6213803dcef38ae3d0cb460f843e166c5e11156	ros2_ws/src/alfa_robot_description/meshes/robot_v3_0_3/part_007_solid_007.stl
100644 blob c818867e2e9e27947bb475aaf018dc3dacc94102	ros2_ws/src/alfa_robot_description/meshes/robot_v3_0_3/part_008_solid_008.stl
100644 blob 81a35f16859a91001edb4767a3f21aa5ce7f6ca9	ros2_ws/src/alfa_robot_description/meshes/robot_v3_0_3/parts.json
100644 blob 78b42cfac5a052f4e4604c5cc8701c2c06540936	ros2_ws/src/alfa_robot_description/meshes/robot_v3_0_3/robot.urdf
100644 blob 7d36c09ea76c83ac493e5a4d3270ca28fddaf65f	ros2_ws/src/alfa_robot_description/meshes/robot_v3_0_3/user_model.json
100644 blob 07457cbb1a6f8dd5863f4905df5cc164b2f2db43	ros2_ws/src/alfa_robot_description/meshes/robot_v3_0_4/README.md
100644 blob 2b5bc95ff08ecc23e666c32fbb6bb237ea7b62a1	ros2_ws/src/alfa_robot_description/meshes/robot_v3_0_4/export_report.json
100644 blob af3e9f391d2d1816431ff7e7aa840640399adab9	ros2_ws/src/alfa_robot_description/meshes/robot_v3_0_4/part_001_solid_001.stl
100644 blob 41605bcbb002bcbaa676c430ce60d143acc1b600	ros2_ws/src/alfa_robot_description/meshes/robot_v3_0_4/part_002_solid_002.stl
100644 blob 1639a1c19dc27655af0c3162f9c54b9d2c2375c6	ros2_ws/src/alfa_robot_description/meshes/robot_v3_0_4/part_003_solid_003.stl
100644 blob 0bb2f725bb5dbe9af37f3d325773a5e078862da4	ros2_ws/src/alfa_robot_description/meshes/robot_v3_0_4/part_004_solid_004.stl
100644 blob 7ba3c20712f43191fe84a44ae28a464e53a1b2e1	ros2_ws/src/alfa_robot_description/meshes/robot_v3_0_4/part_005_solid_005.stl
100644 blob 9bc02d8789c4866f6e1e075b0af178e7560ff6c2	ros2_ws/src/alfa_robot_description/meshes/robot_v3_0_4/part_006_solid_006.stl
100644 blob b52f6da86da111a32ce250b3fff53e419ffcca67	ros2_ws/src/alfa_robot_description/meshes/robot_v3_0_4/part_007_solid_007.stl
100644 blob b3601bfd80d7ce4d0e080a7ae5bd2de62ea7f801	ros2_ws/src/alfa_robot_description/meshes/robot_v3_0_4/part_008_solid_008.stl
100644 blob 9f3eeec7f619a5dcb1436d53321b809bd92a4984	ros2_ws/src/alfa_robot_description/meshes/robot_v3_0_4/parts.json
100644 blob 9670ba9b7072cfd982c49af538017b16be066e8c	ros2_ws/src/alfa_robot_description/meshes/robot_v3_0_4/robot.urdf
100644 blob 6314a70b33a5da5998e2ee8897451a984c8f397c	ros2_ws/src/alfa_robot_description/meshes/robot_v3_0_4/user_model.json
100644 blob e9ee09bc5b5ebaeb03378df8f7b4a3ffdc392c3c	ros2_ws/src/alfa_robot_description/meshes/robot_v3_0_5/README.md
100644 blob e0873bc7da41081707848215358d111f5abc0f4d	ros2_ws/src/alfa_robot_description/meshes/robot_v3_0_5/export_report.json
100644 blob 56bddc29d3af45ffbf44e54b0a039edfe9ea5d9b	ros2_ws/src/alfa_robot_description/meshes/robot_v3_0_5/part_001_solid_001.stl
100644 blob aff89dd4adc45ce31a8b4bd8e2d82a7353641866	ros2_ws/src/alfa_robot_description/meshes/robot_v3_0_5/part_002_solid_002.stl
100644 blob 6e247496d31b2140b441687eed87d3c670e2ce64	ros2_ws/src/alfa_robot_description/meshes/robot_v3_0_5/part_003_solid_003.stl
100644 blob 6f26fe3d102a69b7d8d6d450700e89aae5a78692	ros2_ws/src/alfa_robot_description/meshes/robot_v3_0_5/part_004_solid_004.stl
100644 blob 7c9c16f87bce8a7535cb1296b478247dc48d287d	ros2_ws/src/alfa_robot_description/meshes/robot_v3_0_5/part_005_solid_005.stl
100644 blob 40260a185fbb01db9d7a8ed8f288f633160175f5	ros2_ws/src/alfa_robot_description/meshes/robot_v3_0_5/part_006_solid_006.stl
100644 blob fd99f90f8bf31b9b258ca04d896a8eea5a51245b	ros2_ws/src/alfa_robot_description/meshes/robot_v3_0_5/part_007_solid_007.stl
100644 blob 3dced4220bf3a4119d797e018b57e49f65c2bc03	ros2_ws/src/alfa_robot_description/meshes/robot_v3_0_5/part_008_solid_008.stl
100644 blob 961bbf9ad4f8e30cbe1ce11650595fd60a76883a	ros2_ws/src/alfa_robot_description/meshes/robot_v3_0_5/part_009_solid_009.stl
100644 blob 8877e1cb62b99f642120b3bffd88b4303a9a2ffb	ros2_ws/src/alfa_robot_description/meshes/robot_v3_0_5/part_010_solid_010.stl
100644 blob c1e2a5d5257d229b0cb39e6a34575d1a17c7e20d	ros2_ws/src/alfa_robot_description/meshes/robot_v3_0_5/part_011_solid_011.stl
100644 blob 09cf53e63fc5af24f46dafdc8c06eccee933d83e	ros2_ws/src/alfa_robot_description/meshes/robot_v3_0_5/part_012_solid_012.stl
100644 blob 11ff13ea0c4bb4ebb8d427265158054a76202670	ros2_ws/src/alfa_robot_description/meshes/robot_v3_0_5/part_013_solid_013.stl
100644 blob 0a0a0eff6f9ad80bee207f4657e06d7cff7139af	ros2_ws/src/alfa_robot_description/meshes/robot_v3_0_5/part_014_solid_014.stl
100644 blob 7734ae0fde882937b3e8ad8d1268371433fd9329	ros2_ws/src/alfa_robot_description/meshes/robot_v3_0_5/part_015_solid_015.stl
100644 blob 98dbee5f54658e219aaeb8d027c538927a0ff650	ros2_ws/src/alfa_robot_description/meshes/robot_v3_0_5/part_016_solid_016.stl
100644 blob 5bc4501d87071ed485e3c44db1e046cc6c82a4e3	ros2_ws/src/alfa_robot_description/meshes/robot_v3_0_5/part_017_solid_017.stl
100644 blob 2e4fdc2ecc8f4a4b8d9cdf698246cfc28a03297d	ros2_ws/src/alfa_robot_description/meshes/robot_v3_0_5/part_018_solid_018.stl
100644 blob 2159dc65af3a619a302fda768db857381638f705	ros2_ws/src/alfa_robot_description/meshes/robot_v3_0_5/part_019_solid_019.stl
100644 blob 8954a16aee4d492e26d4e4053c6cadfb8ae866a8	ros2_ws/src/alfa_robot_description/meshes/robot_v3_0_5/part_020_solid_020.stl
100644 blob f93fb5e21986d2939a411f8b651ad708f1c5fdac	ros2_ws/src/alfa_robot_description/meshes/robot_v3_0_5/part_021_solid_021.stl
100644 blob 2ccc23c554b5d2f383758faeb71091a98a38c444	ros2_ws/src/alfa_robot_description/meshes/robot_v3_0_5/part_022_solid_022.stl
100644 blob 6d4fb02db1c470c23c96eb1a53be4669bb8a85ad	ros2_ws/src/alfa_robot_description/meshes/robot_v3_0_5/part_023_solid_023.stl
100644 blob 15252dbe3c73d35c187456ee3b123275e312a770	ros2_ws/src/alfa_robot_description/meshes/robot_v3_0_5/part_024_solid_024.stl
100644 blob 87dc7e86a8d455283446ba89b6ade18767c3dec0	ros2_ws/src/alfa_robot_description/meshes/robot_v3_0_5/part_025_solid_025.stl
100644 blob 67412cba08ede0154214b1c128d3be4315517a37	ros2_ws/src/alfa_robot_description/meshes/robot_v3_0_5/part_026_solid_026.stl
100644 blob da3bd0d76217a6fbb11db2aab303bb2da3148520	ros2_ws/src/alfa_robot_description/meshes/robot_v3_0_5/part_027_solid_027.stl
100644 blob 9bbe4fe997fde5b2d5b43d8725425d86630fa990	ros2_ws/src/alfa_robot_description/meshes/robot_v3_0_5/part_028_solid_028.stl
100644 blob edf4cf7899c80b8564f7178088deb26e9ec209fb	ros2_ws/src/alfa_robot_description/meshes/robot_v3_0_5/part_029_solid_029.stl
100644 blob 970987e5d35111224f430f9a6ff440e520b4bc07	ros2_ws/src/alfa_robot_description/meshes/robot_v3_0_5/part_030_solid_030.stl
100644 blob 0572b60d484f0405ed14d375cd22b3812b014cf7	ros2_ws/src/alfa_robot_description/meshes/robot_v3_0_5/part_031_solid_031.stl
100644 blob cef80943e74d74ff196f664fc25bc9edcc6e0096	ros2_ws/src/alfa_robot_description/meshes/robot_v3_0_5/part_032_solid_032.stl
100644 blob f92e8d60e75ad0df01931057c18b86ec1376f1c5	ros2_ws/src/alfa_robot_description/meshes/robot_v3_0_5/part_033_solid_033.stl
100644 blob 7d40b48016971a283d00bfc9fd418fc2f256de3b	ros2_ws/src/alfa_robot_description/meshes/robot_v3_0_5/part_034_solid_034.stl
100644 blob b6931c27745e20c296c6ee77a019c445f27b8456	ros2_ws/src/alfa_robot_description/meshes/robot_v3_0_5/part_035_solid_035.stl
100644 blob c5ed9c8e5a6544798f526a46f475d59b70ffa060	ros2_ws/src/alfa_robot_description/meshes/robot_v3_0_5/part_036_solid_036.stl
100644 blob 09704b6f700fb92fcd48fcf000af731eb836866a	ros2_ws/src/alfa_robot_description/meshes/robot_v3_0_5/part_037_solid_037.stl
100644 blob 4417295947bd3154f93734db15f92327a55e9a44	ros2_ws/src/alfa_robot_description/meshes/robot_v3_0_5/part_038_solid_038.stl
100644 blob b7c74ac50ac6bf897dee32f4eb08e31b2e7657ae	ros2_ws/src/alfa_robot_description/meshes/robot_v3_0_5/part_039_solid_039.stl
100644 blob f6f4b07bf4ae76f8b438a94fd074234f976eb7c1	ros2_ws/src/alfa_robot_description/meshes/robot_v3_0_5/part_040_solid_040.stl
100644 blob 94be084458bbbc3549121cef95e93a922fc8e052	ros2_ws/src/alfa_robot_description/meshes/robot_v3_0_5/part_041_solid_041.stl
100644 blob 69e1d95934c7d7286fd54f4fb29fbf35c3da5a77	ros2_ws/src/alfa_robot_description/meshes/robot_v3_0_5/part_042_solid_042.stl
100644 blob aea02eb8aa44bac25f94936555111dd5e1f8c65e	ros2_ws/src/alfa_robot_description/meshes/robot_v3_0_5/part_043_solid_043.stl
100644 blob e3c73e94f4866bb4cbf02cf792f9c8a98bae37bb	ros2_ws/src/alfa_robot_description/meshes/robot_v3_0_5/part_044_solid_044.stl
100644 blob 14d94c484443dd49ad84b502a1fd05316a8031ed	ros2_ws/src/alfa_robot_description/meshes/robot_v3_0_5/part_045_solid_045.stl
100644 blob a5a027e7196107a0ec6fb7c83505477cf3e97a62	ros2_ws/src/alfa_robot_description/meshes/robot_v3_0_5/parts.json
100644 blob c586cb0ec54ed3378c82d0a648dfe3076c5f65d4	ros2_ws/src/alfa_robot_description/meshes/robot_v3_0_5/robot.urdf
100644 blob f46496de6cd491b2848e23d88f6e4859e30f714e	ros2_ws/src/alfa_robot_description/meshes/robot_v3_0_5/user_model.json
100644 blob 8f3c843f3f0d90c53ad40a9c13cd0496901b6540	ros2_ws/src/alfa_robot_description/meshes/robot_v3_0_6/README.md
100644 blob 2b5bc95ff08ecc23e666c32fbb6bb237ea7b62a1	ros2_ws/src/alfa_robot_description/meshes/robot_v3_0_6/export_report.json
100644 blob a02fcd805592c85263ab4da2d2b10d97840d5664	ros2_ws/src/alfa_robot_description/meshes/robot_v3_0_6/part_001_solid_001.stl
100644 blob 1ded3750e9f493e827d1d7e92807bb5097580b7b	ros2_ws/src/alfa_robot_description/meshes/robot_v3_0_6/part_002_solid_002.stl
100644 blob 13856909fefdb91cc77dd58dc657ace67889092b	ros2_ws/src/alfa_robot_description/meshes/robot_v3_0_6/part_003_solid_003.stl
100644 blob 9c750ad677e02f8bbdf6ca8efbfbf0ae586acf0b	ros2_ws/src/alfa_robot_description/meshes/robot_v3_0_6/part_004_solid_004.stl
100644 blob 30ee5401694a47354d6d15263378ca0c258d265d	ros2_ws/src/alfa_robot_description/meshes/robot_v3_0_6/part_005_solid_005.stl
100644 blob 5ac63bcb2ea6a195e48643aee54d2cd2424c6d9a	ros2_ws/src/alfa_robot_description/meshes/robot_v3_0_6/part_006_solid_006.stl
100644 blob 2290565e565662c01d1d02ac43a2c4974e466c72	ros2_ws/src/alfa_robot_description/meshes/robot_v3_0_6/part_007_solid_007.stl
100644 blob 55bd45f52ef219af859206c73c8e634d55f85a42	ros2_ws/src/alfa_robot_description/meshes/robot_v3_0_6/part_008_solid_008.stl
100644 blob fc8092681cda72eccc778ab83403f89f3c51ab2a	ros2_ws/src/alfa_robot_description/meshes/robot_v3_0_6/parts.json
100644 blob 702908692abc80225d55b8021fdbb22af24492e2	ros2_ws/src/alfa_robot_description/meshes/robot_v3_0_6/robot.urdf
100644 blob 8222a06c1d0adcc5d9c83ef1b20204f1bd9f586b	ros2_ws/src/alfa_robot_description/meshes/robot_v3_0_6/user_model.json
100644 blob 2b5f406f93993a01ac7aab4cb8430700f3814f24	ros2_ws/src/alfa_robot_description/meshes/robot_v3_0_7/part_001_solid_001.stl
100644 blob fc60e96b8a51b3819632b58342f3c0fcce934b23	ros2_ws/src/alfa_robot_description/meshes/robot_v3_0_7/part_002_solid_002.stl
100644 blob 2db87e9aa5accb2514748814552e3ab6149bf3f0	ros2_ws/src/alfa_robot_description/meshes/robot_v3_0_7/part_003_solid_003.stl
100644 blob 785fb9e94e2c5323aa3e66894d80566ac228848d	ros2_ws/src/alfa_robot_description/meshes/robot_v3_0_7/part_004_solid_004.stl
100644 blob c77394f859e717f6889df36317ed07f4201ce848	ros2_ws/src/alfa_robot_description/meshes/robot_v3_0_7/part_005_solid_005.stl
100644 blob 5be9ce9f8fde52d611c8b1c77c4c74969a2d773b	ros2_ws/src/alfa_robot_description/meshes/robot_v3_0_7/part_006_solid_006.stl
100644 blob cf2e4c760a65987d44b2984dffdd797cdbc10ab8	ros2_ws/src/alfa_robot_description/meshes/robot_v3_0_7/part_007_solid_007.stl
100644 blob 191d32a162e23082700e3aeaad693f03611a154c	ros2_ws/src/alfa_robot_description/meshes/robot_v3_0_7/part_008_solid_008.stl
100644 blob 0d3fa2891521341e2d45040fcdcbebdfc78c76c6	ros2_ws/src/alfa_robot_description/meshes/robot_v3_0_7/part_009_solid_009.stl
100644 blob 8fc8a1d07b969968e3a1ec6098bb2ba0284a3329	ros2_ws/src/alfa_robot_description/meshes/robot_v3_0_7/part_010_solid_010.stl
100644 blob 9769a28fc3ebfded927c45899ed941f249560bd8	ros2_ws/src/alfa_robot_description/meshes/robot_v3_0_7/part_011_solid_011.stl
100644 blob 61729abfc6597ff92060a1bfb20ae8044b6a28d2	ros2_ws/src/alfa_robot_description/meshes/robot_v3_0_7/part_012_solid_012.stl
100644 blob 0e76d761c7477d176e4cef87a36fd4a7a36e782a	ros2_ws/src/alfa_robot_description/meshes/robot_v3_0_7/part_013_solid_013.stl
100644 blob 3a696b86de913ac310a747ffa4a877d1bb2f243f	ros2_ws/src/alfa_robot_description/meshes/robot_v3_0_7/part_014_solid_014.stl
100644 blob 2250335319cc5a85e02aacc016299de9b1605b27	ros2_ws/src/alfa_robot_description/meshes/robot_v3_0_7/part_015_solid_015.stl
100644 blob 6af4f8c46d4fd4d85eb05d6a410e6fa463909d05	ros2_ws/src/alfa_robot_description/meshes/robot_v3_0_7/part_016_solid_016.stl
100644 blob 925eed475856dc150a4099c207277f4ec459a5f9	ros2_ws/src/alfa_robot_description/meshes/robot_v3_0_7/part_017_solid_017.stl
100644 blob 3ac450bf9559e3dc25f86477800219979ff7e86c	ros2_ws/src/alfa_robot_description/meshes/robot_v3_0_7/part_018_solid_018.stl
100644 blob bc232825c4718a92a5cc4f8c66d983e963906031	ros2_ws/src/alfa_robot_description/meshes/robot_v3_0_7/part_019_solid_019.stl
100644 blob 8247c3f3ab3c59bc66c4ef6a74b79a4b9cd88532	ros2_ws/src/alfa_robot_description/meshes/robot_v3_0_7/part_020_solid_020.stl
100644 blob 5e0eea2d6fecdf0b134c016731404bdaacb117f8	ros2_ws/src/alfa_robot_description/meshes/robot_v3_0_7/part_021_solid_021.stl
100644 blob 871c83f0bf6fa30625aeedadcb395a84be3b76a2	ros2_ws/src/alfa_robot_description/meshes/robot_v3_0_7/part_022_solid_022.stl
100644 blob 6370a33b79002768854932142a76eafedc96a6a9	ros2_ws/src/alfa_robot_description/meshes/robot_v3_0_7/part_023_solid_023.stl
100644 blob 7ba2868eb1b3346d95a15163f77994a691d0b637	ros2_ws/src/alfa_robot_description/meshes/robot_v3_0_7/part_024_solid_024.stl
100644 blob 74c5d019fbd0fedddadcb5f6f8118dddce90e07f	ros2_ws/src/alfa_robot_description/meshes/robot_v3_0_7/part_025_solid_025.stl
100644 blob 6c0509a160cf21babe299cb03cf77839c64eca5e	ros2_ws/src/alfa_robot_description/meshes/robot_v3_0_7/part_026_solid_026.stl
100644 blob 1150051b93ebe3fb8becb8a97981e4cace3f5547	ros2_ws/src/alfa_robot_description/meshes/robot_v3_0_7/part_027_solid_027.stl
100644 blob d98350e2571c9e4008e27bfedd4a4bdf7b7de9bd	ros2_ws/src/alfa_robot_description/meshes/robot_v3_0_7/part_028_solid_028.stl
100644 blob 39251796100f13f50961bb54f9523d84decd34e0	ros2_ws/src/alfa_robot_description/meshes/robot_v3_0_7/part_029_solid_029.stl
100644 blob da1edaba34b07336e52e86fe96a690babe86d4de	ros2_ws/src/alfa_robot_description/meshes/robot_v3_0_7/part_030_solid_030.stl
100644 blob f9bc1998798409cf16e93e58e4208e3f7d7bc87d	ros2_ws/src/alfa_robot_description/meshes/robot_v3_0_7/part_031_solid_031.stl
100644 blob 46dc8eda7a83ac10222f3578919c7701c8a6d8f6	ros2_ws/src/alfa_robot_description/meshes/robot_v3_0_7/part_032_solid_032.stl
100644 blob fa06aca5988aec8121fbab738be436dcd911d88e	ros2_ws/src/alfa_robot_description/meshes/robot_v3_0_7/part_033_solid_033.stl
100644 blob a0cee62e2a916a20a8400004367756848e01efa0	ros2_ws/src/alfa_robot_description/meshes/robot_v3_0_7/part_034_solid_034.stl
100644 blob 1ee9512a03d9d9eef166f9dc5a99e10ca90fd575	ros2_ws/src/alfa_robot_description/meshes/robot_v3_0_7/part_035_solid_035.stl
100644 blob 4aabbaa32a2f2f5a9a084d63c807e0673da14b76	ros2_ws/src/alfa_robot_description/meshes/robot_v3_0_7/part_036_solid_036.stl
100644 blob db175f5109732fdbce66bd3aad491df0f3a36e1e	ros2_ws/src/alfa_robot_description/meshes/robot_v3_0_7/part_037_solid_037.stl
100644 blob 1a1b54cd2cdf457caaed257711f751fe837cd793	ros2_ws/src/alfa_robot_description/meshes/robot_v3_0_7/part_038_solid_038.stl
100644 blob 4a9fc8cb8201256ab58e998bbe107a9be89ae8b3	ros2_ws/src/alfa_robot_description/meshes/robot_v3_0_7/part_039_solid_039.stl
100644 blob 7b9312b94a96887b33b01807b01d96e345f508d0	ros2_ws/src/alfa_robot_description/meshes/robot_v3_0_7/part_040_solid_040.stl
100644 blob 70b31a3c9b4abcc545ed594d039d0ad798f40e7d	ros2_ws/src/alfa_robot_description/meshes/robot_v3_0_7/part_041_solid_041.stl
100644 blob 1de0092b4ef53208dfdd9326f00f1c40472a3a87	ros2_ws/src/alfa_robot_description/meshes/robot_v3_0_7/part_042_solid_042.stl
100644 blob 54c89518dae1ca8a18903337c1752eb000612bf6	ros2_ws/src/alfa_robot_description/meshes/robot_v3_0_7/part_043_solid_043.stl
100644 blob 5a102f48ba6142bd2a412da7130f6e6e399d0b14	ros2_ws/src/alfa_robot_description/meshes/robot_v3_0_7/part_044_solid_044.stl
100644 blob f4eb7cc5f280b26fc807ccf57725c665a76debb0	ros2_ws/src/alfa_robot_description/meshes/robot_v3_0_7/part_045_solid_045.stl
100644 blob bdee6d0560c6592d6d6e7273cb764518a1202748	ros2_ws/src/alfa_robot_description/meshes/robot_v3_0_8/export_report.json
100644 blob cbe65c54c2a947ac43f140c2b07310a3ed985a70	ros2_ws/src/alfa_robot_description/meshes/robot_v3_0_8/part_001_solid_001.stl
100644 blob 229cae697b1702908940cb778cf96663a2aa56b6	ros2_ws/src/alfa_robot_description/meshes/robot_v3_0_8/part_002_solid_002.stl
100644 blob 9f91ec0cf46890ad4b4b157789ae8cd28a57a632	ros2_ws/src/alfa_robot_description/meshes/robot_v3_0_8/part_003_solid_003.stl
100644 blob 1f68f2c4d001695e9ce320b2005d2dd5c6eaa9aa	ros2_ws/src/alfa_robot_description/meshes/robot_v3_0_8/part_004_solid_004.stl
100644 blob f99f5f978d3390c75ffa9b762c6440bcfc7f96fa	ros2_ws/src/alfa_robot_description/meshes/robot_v3_0_8/part_005_solid_005.stl
100644 blob ef20e3ea774e7c6afaf628072b72e7ab84c57e7f	ros2_ws/src/alfa_robot_description/meshes/robot_v3_0_8/part_006_solid_006.stl
100644 blob 626bb5ec91b53fb4a183e50003e22f0239c28614	ros2_ws/src/alfa_robot_description/meshes/robot_v3_0_8/part_007_solid_007.stl
100644 blob ecf9be10eb32669e70f88d36a7e33729de76fbff	ros2_ws/src/alfa_robot_description/meshes/robot_v3_0_8/part_008_solid_008.stl
100644 blob 7cf654adec27d87573bc03100bd9431427ac89ba	ros2_ws/src/alfa_robot_description/meshes/robot_v3_0_8/part_009_solid_009.stl
100644 blob bac1b1bde3b7d8f6e093345237652166f10fad1f	ros2_ws/src/alfa_robot_description/meshes/robot_v3_0_8/part_010_solid_010.stl
100644 blob 6b68931e1ab51fc1ef5ca425bbab209df85cc5fd	ros2_ws/src/alfa_robot_description/meshes/robot_v3_0_8/part_011_solid_011.stl
100644 blob 5bec459ae6910136631e95a008393e8ece23c65b	ros2_ws/src/alfa_robot_description/meshes/robot_v3_0_8/part_012_solid_012.stl
100644 blob 0e0ebf2774a5053ae381993a1bcbe430d83611bc	ros2_ws/src/alfa_robot_description/meshes/robot_v3_0_8/part_013_solid_013.stl
100644 blob d766876f4d56307cfd8b04d46d8b438bcc2b290b	ros2_ws/src/alfa_robot_description/meshes/robot_v3_0_8/part_014_solid_014.stl
100644 blob 77adf2a573206a0b07a21932417c57f3eeeb4fb8	ros2_ws/src/alfa_robot_description/meshes/robot_v3_0_8/part_015_solid_015.stl
100644 blob 83404b8f2dca41a2ef256f8c1de7cdad74991be2	ros2_ws/src/alfa_robot_description/meshes/robot_v3_0_8/part_016_solid_016.stl
100644 blob 307f24ed280dd4cde5ff18b7152108f7868e142d	ros2_ws/src/alfa_robot_description/meshes/robot_v3_0_8/part_017_solid_017.stl
100644 blob c564a34757b55e6e3954fc33dd24cca7c1bab697	ros2_ws/src/alfa_robot_description/meshes/robot_v3_0_8/part_018_solid_018.stl
100644 blob c6cdfd05db778dc1f6fa06b4721676c4a6447c90	ros2_ws/src/alfa_robot_description/meshes/robot_v3_0_8/part_019_solid_019.stl
100644 blob a6c7abc0a7b65dc348cc82dfdde4174f95b69882	ros2_ws/src/alfa_robot_description/meshes/robot_v3_0_8/part_020_solid_020.stl
100644 blob d96573daca74a4198b3b5d6cbb9c25a796a42d35	ros2_ws/src/alfa_robot_description/meshes/robot_v3_0_8/part_021_solid_021.stl
100644 blob 16db071a5dc92be24b823721cc89f6fcbd40e83c	ros2_ws/src/alfa_robot_description/meshes/robot_v3_0_8/part_022_solid_022.stl
100644 blob 65385a88272852e0c533033fb611ba8a704347c7	ros2_ws/src/alfa_robot_description/meshes/robot_v3_0_8/part_023_solid_023.stl
100644 blob ddbd213d93430176edb9a813ed654acaec83e047	ros2_ws/src/alfa_robot_description/meshes/robot_v3_0_8/part_024_solid_024.stl
100644 blob a50bc41693b2a8143df2b3d2549f29bf4654c9bf	ros2_ws/src/alfa_robot_description/meshes/robot_v3_0_8/part_025_solid_025.stl
100644 blob 05249ea34b2ee73ac455770c47041596a2cebbe2	ros2_ws/src/alfa_robot_description/meshes/robot_v3_0_8/part_026_solid_026.stl
100644 blob bf2b76dba93758085bb2aaa0a7fff46e9c7ed0d1	ros2_ws/src/alfa_robot_description/meshes/robot_v3_0_8/part_027_solid_027.stl
100644 blob 7acfb570c8bce5050cafaeefdaa1bbd40cd83bdd	ros2_ws/src/alfa_robot_description/meshes/robot_v3_0_8/part_028_solid_028.stl
100644 blob 1543dc956a2e688d0e7701d945e6be1a2737b4a8	ros2_ws/src/alfa_robot_description/meshes/robot_v3_0_8/part_029_solid_029.stl
100644 blob c0bb78305a148cb46f370e3dfaa17f401d740b92	ros2_ws/src/alfa_robot_description/meshes/robot_v3_0_8/part_030_solid_030.stl
100644 blob f8c756980beabd7b3c9fb8c243589be915b75934	ros2_ws/src/alfa_robot_description/meshes/robot_v3_0_8/part_031_solid_031.stl
100644 blob b3c9e1818fea8e41e1becdb34909027264745bfe	ros2_ws/src/alfa_robot_description/meshes/robot_v3_0_8/part_032_solid_032.stl
100644 blob fbc3ece3e221bf5bfb0fcd617947055e0e1c05d3	ros2_ws/src/alfa_robot_description/meshes/robot_v3_0_8/part_033_solid_033.stl
100644 blob ec608e8fe5b9e4baa9dcb58d6edceec616ffa6b1	ros2_ws/src/alfa_robot_description/meshes/robot_v3_0_8/part_034_solid_034.stl
100644 blob 3181b9b7426e4ecbef6102cec8aa36076ba120cf	ros2_ws/src/alfa_robot_description/meshes/robot_v3_0_8/part_035_solid_035.stl
100644 blob d9053b61c4d2848eb2dbe4d106fd3183c20a1771	ros2_ws/src/alfa_robot_description/meshes/robot_v3_0_8/part_036_solid_036.stl
100644 blob 557612ad928027f757d682d3d4fe5143afd1918b	ros2_ws/src/alfa_robot_description/meshes/robot_v3_0_8/part_037_solid_037.stl
100644 blob 9fe90c53bf90bebca76f6a28016cd65e67ee9985	ros2_ws/src/alfa_robot_description/meshes/robot_v3_0_8/part_038_solid_038.stl
100644 blob ee477123543bb800e98fc9140dae2bc0b403da85	ros2_ws/src/alfa_robot_description/meshes/robot_v3_0_8/part_039_solid_039.stl
100644 blob 06e584219eaf73667d2b0515c53fd01f08516bc1	ros2_ws/src/alfa_robot_description/meshes/robot_v3_0_8/part_040_solid_040.stl
100644 blob 4d2b2ccfb45690e4346161a5aa12275e13246344	ros2_ws/src/alfa_robot_description/meshes/robot_v3_0_8/part_041_solid_041.stl
100644 blob fdf19e99c73fa869b1f763c296371f4bf0f5c413	ros2_ws/src/alfa_robot_description/meshes/robot_v3_0_8/part_042_solid_042.stl
100644 blob 1ec4eb72d3401653f9776841f2d736fe4d2c7fc4	ros2_ws/src/alfa_robot_description/meshes/robot_v3_0_8/part_043_solid_043.stl
100644 blob 4e1017a5f6a0e44a7524d4005eeb8becae67c73c	ros2_ws/src/alfa_robot_description/meshes/robot_v3_0_8/part_044_solid_044.stl
100644 blob 7e59a6350f3a716dd1eef8588ba177c58628525e	ros2_ws/src/alfa_robot_description/meshes/robot_v3_0_8/part_045_solid_045.stl
100644 blob 3c790f5f507b6ea2d6fde25752e1c1897f1564f7	ros2_ws/src/alfa_robot_description/meshes/robot_v3_0_8/part_046_solid_046.stl
100644 blob ce43a3f275d9e059ee40e27e083edcdac2d4d1cf	ros2_ws/src/alfa_robot_description/meshes/robot_v3_0_8/parts.json
100644 blob 1843a73f7a3a5f24d869a798595a815afbafb033	ros2_ws/src/alfa_robot_description/meshes/robot_v3_0_8/robot.urdf
100644 blob cf35c6bb95f37106fd9dd8c090722bab21a5e17d	ros2_ws/src/alfa_robot_description/meshes/robot_v3_0_8/user_model.json
100644 blob fdd6338ae9f9bb21e2d4c0601c791a1d12ae870c	ros2_ws/src/alfa_robot_description/meshes/robot_v3_1_1/part_022_solid_022.stl
100644 blob b74bf407ab80507ce8ddf9204cc866abb0d6dea4	ros2_ws/src/alfa_robot_description/meshes/robot_v3_1_1/part_023_solid_023.stl
100644 blob 03a5d3513766c488ef0a2d8515b9ab27b4f38149	ros2_ws/src/alfa_robot_description/meshes/robot_v3_1_1/part_024_solid_024.stl
100644 blob da07c9630e213ffb210845f32b8aa83b434714c9	ros2_ws/src/alfa_robot_description/meshes/robot_v3_1_1/part_025_solid_025.stl
100644 blob f44aea0f8cec1ac6d36b5e95b0b2d88b1e858bf9	ros2_ws/src/alfa_robot_description/meshes/robot_v3_1_1/part_026_solid_026.stl
100644 blob 9d7a4dfd55e373ec3340f96c56cf4c260e379a49	ros2_ws/src/alfa_robot_description/meshes/robot_v3_1_1/part_027_solid_027.stl
100644 blob 62fe7eb164884482d4035ca6b828e7ec5161ac38	ros2_ws/src/alfa_robot_description/meshes/robot_v3_1_1/part_031_solid_031.stl
100644 blob e96715fe881802412f95763f5079beca12e500ee	ros2_ws/src/alfa_robot_description/meshes/robot_v3_1_1/part_032_solid_032.stl
100644 blob 05af9e2e88e26e35fa5246083423fd2fbc1d71d1	ros2_ws/src/alfa_robot_description/meshes/robot_v3_1_1/part_033_solid_033.stl
100644 blob 573cd466f282474da231948fecf53521705ed5fb	ros2_ws/src/alfa_robot_description/meshes/robot_v3_1_1/part_034_solid_034.stl
100644 blob 1bc8cc134cb857c71761f4c3994a1b741ad80270	ros2_ws/src/alfa_robot_description/meshes/robot_v3_1_1/part_035_solid_035.stl
100644 blob ea340aa285eedce3b96b667a4c4a8c840727700e	ros2_ws/src/alfa_robot_description/meshes/robot_v3_1_1/part_036_solid_036.stl
100755 blob 7a5dd2c9c10065cd51a7fefae7547f9c2a37c887	ros2_ws/src/alfa_robot_description/package.xml
100755 blob 770f4e8dd48dd13abc9318075fb84a6fc05a47e1	ros2_ws/src/alfa_robot_description/rviz/alfa_robot.rviz
100644 blob 96d20814c8033ccf7689af88bedb25a36d9677d8	ros2_ws/src/alfa_robot_description/test/alfa_robot_test_urdf_xacro.py
100644 blob 580252d9a095f3255181c62cb4af3df9130cf67c	ros2_ws/src/alfa_robot_description/test/test_v311_consumer_contract.py
100644 blob d759228e7dda95d26e1c0dd7f3b44a1958c92b03	ros2_ws/src/alfa_robot_description/test/test_v3_chassis_semantics.py
100644 blob e98cc23c804d668769eda1146929fd24e88d72af	ros2_ws/src/alfa_robot_description/test/test_v3_description_semantics.py
100644 blob 5b053c8cee179510f549cb9136619fb571d250a6	ros2_ws/src/alfa_robot_description/test/test_v3_head_semantics.py
100644 blob 791b81e5492f5460428b6b63fc634ab645707d5a	ros2_ws/src/alfa_robot_description/urdf/alfa_robot.urdf.xacro
100644 blob c2084a12ac5bde7805cb562eccd72bbe47781def	ros2_ws/src/alfa_robot_description/urdf/alfa_robot/alfa_robot_macro.ros2_control.xacro
100644 blob 70168c875eb4e3021debf70cb6c81303b6ef2c72	ros2_ws/src/alfa_robot_description/urdf/alfa_robot/robot_v3_0_5.xacro
100644 blob 0d1f62a333fd7046ae12c231b3b3f7da3c3cb51d	ros2_ws/src/alfa_robot_description/urdf/alfa_robot/robot_v3_0_6_arm.xacro
100644 blob 2b2672b482d23bb8ecdb0ad22b8629ff1a5a4e37	ros2_ws/src/alfa_robot_description/urdf/alfa_robot/robot_v3_0_7.xacro
100644 blob 4cf46b364f8ea8399b0ee80fbb246a9c1c60885f	ros2_ws/src/alfa_robot_description/urdf/alfa_robot/robot_v3_0_8.xacro
100644 blob 31566b1db8c7ed41b22fdc68bb420a4d9f64e120	ros2_ws/src/alfa_robot_description/urdf/alfa_robot/robot_v3_0_9.xacro
100644 blob ce65d8396b9d25b4447aaa1327bdcb94602f009f	ros2_ws/src/alfa_robot_description/urdf/alfa_robot/robot_v3_1_1.xacro
100644 blob c4f87d1e0b652c03da2b4c5f57a2aa877b225608	ros2_ws/src/alfa_robot_description/urdf/alfa_robot/robot_v3_arm.xacro
100644 blob 6c8c1d5dddf283da589d5dd946e391e80d4da06b	ros2_ws/src/alfa_robot_description/urdf/alfa_robot/robot_v3_chassis.xacro
100644 blob 1712993dcfbe70f0907c2138355ccb9c851a1927	ros2_ws/src/alfa_robot_description/urdf/alfa_robot/robot_v3_end_effectors.xacro
100644 blob 75626fce8337fed2c47b0f30b2004f9e2b7a1f24	ros2_ws/src/alfa_robot_description/urdf/alfa_robot/robot_v3_head.xacro
100644 blob cdc06b0711f783cc541812412f06783044c9d3f2	ros2_ws/src/alfa_robot_description/urdf/alfa_robot_dual_gripper.urdf.xacro
100644 blob e13b1dbd6f60565066c775776ee2bd869cc8871b	ros2_ws/src/alfa_robot_description/urdf/alfa_robot_dual_suction.urdf.xacro
100755 blob 328876b5b6a03ce300edb9fbd20d92f81cfed748	ros2_ws/src/alfa_robot_description/urdf/common/inertials.xacro
100755 blob 45f30e26f7a99c1b49b8dc4ce47efeff98231e17	ros2_ws/src/alfa_robot_description/urdf/common/materials.xacro
100644 blob bc59ef638ff8800f591fa2c2881b57af957100dc	ros2_ws/src/alfa_robot_execution_bridge/README.md
100644 blob 96bdcdf49d64c463dbd009d5e16b7010d83a5a9e	ros2_ws/src/alfa_robot_execution_bridge/alfa_robot_execution_bridge/__init__.py
100644 blob 0cc6110e33354cd2cfb2daf6aef0724d4c066edf	ros2_ws/src/alfa_robot_execution_bridge/alfa_robot_execution_bridge/execution_bridge_node.py
100644 blob f1de45e06158ac541ee54c1a4914c5d35b723bfe	ros2_ws/src/alfa_robot_execution_bridge/alfa_robot_execution_bridge/joints.py
100644 blob 3d1fae906208e050c7465eb6f8f582ef04c574ae	ros2_ws/src/alfa_robot_execution_bridge/alfa_robot_execution_bridge/mock_execution_node.py
100644 blob ed46a6a532b009c76a3642cc2e68db1d378a5b68	ros2_ws/src/alfa_robot_execution_bridge/alfa_robot_execution_bridge/send_mock_trajectory.py
100644 blob 53670a8808ff8ce0df851d9e2b9602a721b50f0d	ros2_ws/src/alfa_robot_execution_bridge/alfa_robot_execution_bridge/trajectory_interpolation.py
100644 blob e6e01bbf71800c65d73ff364bf250361a73c54eb	ros2_ws/src/alfa_robot_execution_bridge/alfa_robot_execution_bridge/updown.py
100644 blob 039c642070cd5300affd21026a7e7624f47d17bb	ros2_ws/src/alfa_robot_execution_bridge/config/execution_bridge.yaml
100644 blob 27ea5c385a81e5f7ae4b30665abc7ae569754047	ros2_ws/src/alfa_robot_execution_bridge/config/ros2_control_bridge.yaml
100644 blob e528269b2b06ea59cce821d0b2dfd0f496cd3789	ros2_ws/src/alfa_robot_execution_bridge/launch/execution_bridge.launch.py
100644 blob 03ffdde5d0c0e1fd81653638446e7f0863154d88	ros2_ws/src/alfa_robot_execution_bridge/package.xml
100644 blob 8b137891791fe96927ad78e64b0aad7bded08bdc	ros2_ws/src/alfa_robot_execution_bridge/resource/alfa_robot_execution_bridge
100755 blob e0d1f0364381fefdd0fb2243377efbb6693a1252	ros2_ws/src/alfa_robot_execution_bridge/scripts/jog_to_pose.py
100755 blob cc3476e6a9f03c4b9a9f998b87e254a1f96f883e	ros2_ws/src/alfa_robot_execution_bridge/scripts/run_jog_to_pose.sh
100644 blob 030dd2d53aa980ac5bd8a481fdd9acd874ca9a0e	ros2_ws/src/alfa_robot_execution_bridge/setup.cfg
100644 blob 2ed7da0de709428da9a6477db45e58d5b14c2e02	ros2_ws/src/alfa_robot_execution_bridge/setup.py
100644 blob be99d2f09dafff6400f222257b62ec21bef15a44	ros2_ws/src/alfa_robot_execution_bridge/test/test_joint_direction_contract.py
100644 blob 9746be11246872c1dcc0bca2b38c43f417a91e8b	ros2_ws/src/alfa_robot_execution_bridge/test/test_trajectory_interpolation.py
100644 blob 518a9141c4f3fd5302829298205317d317a57670	ros2_ws/src/alfa_robot_moveit_config/.setup_assistant
100644 blob 904b3daaf5a4981d2da314c3734250e58902b50f	ros2_ws/src/alfa_robot_moveit_config/CMakeLists.txt
100644 blob 52834d7a1827d7c2bf93cc9276f55335b69deee3	ros2_ws/src/alfa_robot_moveit_config/config/alfa_robot.ros2_control.xacro
100644 blob 7ce7bbdb7b200ae149d8c807eb96afb0fef30578	ros2_ws/src/alfa_robot_moveit_config/config/alfa_robot.srdf
100644 blob 5d563f39bb38a1d7d0ec35fc3b86a736964e8679	ros2_ws/src/alfa_robot_moveit_config/config/alfa_robot.urdf.xacro
100644 blob 94c7d6122ad7d806cd901172c26514930d9c9a0d	ros2_ws/src/alfa_robot_moveit_config/config/initial_positions.yaml
100644 blob 54aa0e4634e532e74c0f5f4d6a20c97d34126978	ros2_ws/src/alfa_robot_moveit_config/config/joint_limits.yaml
100644 blob b0504ce521df9fbe3bfbc124ab59c52c2732433d	ros2_ws/src/alfa_robot_moveit_config/config/kinematics.yaml
100644 blob bbc9056d50352beadab0a5e8aa4499ff5053bb20	ros2_ws/src/alfa_robot_moveit_config/config/motion_baselines/current_motion_baseline.yaml
100644 blob 66f02b747a9a822a08318d221069bbb4bbfb0c75	ros2_ws/src/alfa_robot_moveit_config/config/moveit.rviz
100644 blob 482399627ba0207b1f2fa1de70945c68380bb94d	ros2_ws/src/alfa_robot_moveit_config/config/moveit_controllers.yaml
100644 blob 814d1206037bf5a37d749da9343073436eeb6cbc	ros2_ws/src/alfa_robot_moveit_config/config/ompl_planning.yaml
100644 blob b2997caf4d9fc28c5d0dd1cb94e361afd37e3aab	ros2_ws/src/alfa_robot_moveit_config/config/pilz_cartesian_limits.yaml
100644 blob 9ff5b0df869a7441a730e266f253c27fde180a4b	ros2_ws/src/alfa_robot_moveit_config/config/ros2_controllers.yaml
100644 blob cfbe3626c389790ef8b443f8f8781601c46136f6	ros2_ws/src/alfa_robot_moveit_config/config/v3_box_wall_environment.json
100644 blob 94b23eddc0b1487d1112c79de7761000948adb60	ros2_ws/src/alfa_robot_moveit_config/config/v3_dual_arm_cartesian_box_demo.rviz
100644 blob ed83d01a0a95250734247da6e39a6e572b2f8b29	ros2_ws/src/alfa_robot_moveit_config/config/v3_redundant_ik_interactive_demo.rviz
100644 blob 8e9b39715a62fb316e1af6613ebb022ae08baea1	ros2_ws/src/alfa_robot_moveit_config/config/v3_single_arm_box_extract_demo.rviz
100644 blob fe37bc40b1b0da897b97e7fed826cfd05ebec9df	ros2_ws/src/alfa_robot_moveit_config/config/v3_single_arm_box_extract_demo.yaml
100644 blob d7e8e5b4bb1de83a15ed9e941ce84be83407db8d	ros2_ws/src/alfa_robot_moveit_config/include/alfa_robot_moveit_config/box_stack_flow_orchestrator.hpp
100644 blob 565dd35478c14d063dbab294d1634e34e6f4bb37	ros2_ws/src/alfa_robot_moveit_config/include/alfa_robot_moveit_config/comfort_height.hpp
100644 blob 9251a45839f56221876bec8887eb5e0863390d90	ros2_ws/src/alfa_robot_moveit_config/include/alfa_robot_moveit_config/demo_failure_markers.hpp
100644 blob c0e0a7fdbd35c35435df1e488e33f927ef679826	ros2_ws/src/alfa_robot_moveit_config/include/alfa_robot_moveit_config/execution_trajectory_adapter.hpp
100644 blob d6587b6651279c33d3047f5281a86042f9d5725c	ros2_ws/src/alfa_robot_moveit_config/include/alfa_robot_moveit_config/extract_demo_orchestrator.hpp
100644 blob 57f1e29bfa56c440be70432139e42c58ec5389db	ros2_ws/src/alfa_robot_moveit_config/include/alfa_robot_moveit_config/extract_monitor_json.hpp
100644 blob 7e263f39add7ac2914495ac98392ee2211e82717	ros2_ws/src/alfa_robot_moveit_config/include/alfa_robot_moveit_config/extract_monitor_replay_builder.hpp
100644 blob bc31bb6cdc3590a6176240e1960063e3a98b1944	ros2_ws/src/alfa_robot_moveit_config/include/alfa_robot_moveit_config/extract_monitor_snapshot_writer.hpp
100644 blob 332780a372a05a467a30cf0562dbb852c1a390d1	ros2_ws/src/alfa_robot_moveit_config/include/alfa_robot_moveit_config/extract_monitor_state.hpp
100644 blob cff3c3c208fe81b6626746008dbc3506d35a8545	ros2_ws/src/alfa_robot_moveit_config/include/alfa_robot_moveit_config/extract_monitor_transition_planning.hpp
100644 blob 18ad9522ac5773a47453253c51eba69ab5431779	ros2_ws/src/alfa_robot_moveit_config/include/alfa_robot_moveit_config/extract_planning_pipeline.hpp
100644 blob 9dc19706408cb6edf4dd53d7e546b928a171cc0f	ros2_ws/src/alfa_robot_moveit_config/include/alfa_robot_moveit_config/loaded_pose_planning.hpp
100644 blob 1710a1c6fe7c4e6643962965b39178f512b31992	ros2_ws/src/alfa_robot_moveit_config/include/alfa_robot_moveit_config/motion_core/pose_math.hpp
100644 blob c5545c30cacdbd514e0ba6ea83561d524cb97386	ros2_ws/src/alfa_robot_moveit_config/include/alfa_robot_moveit_config/motion_core/scene_geometry.hpp
100644 blob ed4b39b934d96253c885074bf39626cd973604a8	ros2_ws/src/alfa_robot_moveit_config/include/alfa_robot_moveit_config/motion_core/task_geometry.hpp
100644 blob 7d6ad3a495bbb63dc35cfb43f40f466f25fc392b	ros2_ws/src/alfa_robot_moveit_config/include/alfa_robot_moveit_config/motion_flow_recorder.hpp
100644 blob d2db8442cb5d43736e0d1598e04705b36f1328c6	ros2_ws/src/alfa_robot_moveit_config/include/alfa_robot_moveit_config/motion_scene_adapter.hpp
100644 blob 57ea98b30ddccf99201a9a1d7d34a10953825db0	ros2_ws/src/alfa_robot_moveit_config/include/alfa_robot_moveit_config/natural_joint_motion.hpp
100644 blob 1ff0901244997921d6e60cf9f6d16c4d5be8075d	ros2_ws/src/alfa_robot_moveit_config/include/alfa_robot_moveit_config/optimized_ik_pipeline.hpp
100644 blob 12b3f834088535c4c009a208294de9ac4e32b141	ros2_ws/src/alfa_robot_moveit_config/include/alfa_robot_moveit_config/planning_diagnostics.hpp
100644 blob 2ad1cef2f487e01be23d4ce95b7d62b0655eddba	ros2_ws/src/alfa_robot_moveit_config/include/alfa_robot_moveit_config/runtime_status_publisher.hpp
100644 blob 6f88b85515176fa4558321b81d34d8d3734882a9	ros2_ws/src/alfa_robot_moveit_config/include/alfa_robot_moveit_config/trajectory_plan_utils.hpp
100644 blob 481e8b2bf816fbf1144450e89c83fc62d971753d	ros2_ws/src/alfa_robot_moveit_config/include/alfa_robot_moveit_config/wall_sequence.hpp
100644 blob 905c0f532913cb3e749d2db36e572983370719f3	ros2_ws/src/alfa_robot_moveit_config/launch/analytic_arm_ik_service.launch.py
100644 blob 37835b59531c6809739fa81a53f9cbc3cdabc555	ros2_ws/src/alfa_robot_moveit_config/launch/demo.launch.py
100644 blob 45c360ac6b6133c769bd384868d978e4a7490ec6	ros2_ws/src/alfa_robot_moveit_config/launch/dual_arm_planner.launch.py
100644 blob be768ff6947b4542205874844b04de4f95ccd00d	ros2_ws/src/alfa_robot_moveit_config/launch/motion_collision_service.launch.py
100644 blob 21972239b015d7c2032b06df8d145bdcad2ac313	ros2_ws/src/alfa_robot_moveit_config/launch/move_group.launch.py
100644 blob a649f05a3e9a617fbed893832011467f5cd61ca8	ros2_ws/src/alfa_robot_moveit_config/launch/moveit_rviz.launch.py
100644 blob 550e58a9d0cd3eae12f1d37d4859ee35cf38db1a	ros2_ws/src/alfa_robot_moveit_config/launch/reachability_tester.launch.py
100644 blob ab046be817c41d5d5184e8887a4f5f30a4507377	ros2_ws/src/alfa_robot_moveit_config/launch/robot_motion_state_source.launch.py
100644 blob aa3a705a3692d46a400d76d0f75acd5a0a48ff2c	ros2_ws/src/alfa_robot_moveit_config/launch/rsp.launch.py
100644 blob 75de7022cbc25c346128b39d26a92dba4b2eed3b	ros2_ws/src/alfa_robot_moveit_config/launch/rviz_dual_goal_pose_monitor.launch.py
100644 blob 47182b71618e879ed5f72fba95458e2312798ec4	ros2_ws/src/alfa_robot_moveit_config/launch/setup_assistant.launch.py
100644 blob e9e8e9920ffc37d59a7a67ee58d8408fa563eff1	ros2_ws/src/alfa_robot_moveit_config/launch/spawn_controllers.launch.py
100644 blob a19a17db0b06607201269011a6d51c704be70274	ros2_ws/src/alfa_robot_moveit_config/launch/static_virtual_joint_tfs.launch.py
100644 blob cd2ab03f31c1136049673fc50215b875b6f40e13	ros2_ws/src/alfa_robot_moveit_config/launch/v3_box_wall_comfort_grasp_demo.launch.py
100644 blob f2d2bd09ccc0dc68aedaa2404ab599d5126c34e4	ros2_ws/src/alfa_robot_moveit_config/launch/v3_box_wall_grasp_demo.launch.py
100644 blob 3ed675f31386947a05731aa81ccb1d751f869423	ros2_ws/src/alfa_robot_moveit_config/launch/v3_box_wall_sequence_demo.launch.py
100644 blob fda92b19a11ccacbb80b413ca7091121b2b7a34c	ros2_ws/src/alfa_robot_moveit_config/launch/v3_continuous_reachability.launch.py
100644 blob 0ec8702b20d3f643bd9febdf04e7c7f1ff556d75	ros2_ws/src/alfa_robot_moveit_config/launch/v3_dual_arm_asymmetric_box_demo.launch.py
100644 blob a9bea272666b6010607c6aa9f1d298c9b68a7d57	ros2_ws/src/alfa_robot_moveit_config/launch/v3_dual_arm_box_roll_demo.launch.py
100644 blob a58158ef9d5a1bd372e155432332ba0803e8e8c5	ros2_ws/src/alfa_robot_moveit_config/launch/v3_dual_arm_cartesian_box_demo.launch.py
100644 blob ecf884a8a10ee2ce9c4a78f27e6a04f835cf32be	ros2_ws/src/alfa_robot_moveit_config/launch/v3_redundant_ik_interactive_demo.launch.py
100644 blob 8ea840d398d636e685141239c3f74c76cca1afb0	ros2_ws/src/alfa_robot_moveit_config/launch/v3_single_arm_box_extract_demo.launch.py
100644 blob 79c4cc730d9fdf45108188feca1639dc6398bead	ros2_ws/src/alfa_robot_moveit_config/launch/warehouse_db.launch.py
100644 blob ec8e099e78f723dfb763b9b85ea17d2f70bde384	ros2_ws/src/alfa_robot_moveit_config/package.xml
100755 blob c2b2c888a97d55644a1d9d30bdc673ff46399a85	ros2_ws/src/alfa_robot_moveit_config/scripts/analyze_updown_full_scan.py
100644 blob 69ccda311edab9835b22d161c0c56d9620e7923d	ros2_ws/src/alfa_robot_moveit_config/scripts/diagnose_collision_pose.py
100755 blob 334ff4f86e7388aab63c7e833cb96e13c4a3f938	ros2_ws/src/alfa_robot_moveit_config/scripts/dual_arm_pose_planner.py
100755 blob 0786c162f934755669de00f236145b0ba9037e45	ros2_ws/src/alfa_robot_moveit_config/scripts/execute_l6_r8_mock_live.py
100755 blob 0e8c7f2276863fc2c3aeddde72eefb1371c2a170	ros2_ws/src/alfa_robot_moveit_config/scripts/execute_l6_r8_real_live.py
100755 blob 842abcc3452f9eb16a43f23af069da83f12962a4	ros2_ws/src/alfa_robot_moveit_config/scripts/extract_failed_attempts_rerun.py
100755 blob 503e83c922401dc27d71be260d315429c8447415	ros2_ws/src/alfa_robot_moveit_config/scripts/extract_sequence_rerun.py
100755 blob 036e37f2728da9d2f6f15a88764d2e4d175c4ce7	ros2_ws/src/alfa_robot_moveit_config/scripts/extract_stage_monitor_console.py
100755 blob 8ade269b902afbf170e23ac5d1747e638b19ef91	ros2_ws/src/alfa_robot_moveit_config/scripts/extract_startup_stability_smoke.py
100644 blob 021aa1a4d51d82d54d6887d67710a14aae1845b4	ros2_ws/src/alfa_robot_moveit_config/scripts/generate_test_report.py
100755 blob 5e1910a9082da2887e8fcd85b188ad11bb12cbc1	ros2_ws/src/alfa_robot_moveit_config/scripts/motion_contracts/check_joint_contract.py
100755 blob 3f7cb30ee37695d1cdfd65b029dd2d70bbf5cf31	ros2_ws/src/alfa_robot_moveit_config/scripts/motion_contracts/generate_motion_baseline.py
100644 blob f7ab729b970a396f6ba8e8eef32d0ac893627584	ros2_ws/src/alfa_robot_moveit_config/scripts/nine_orient_reachability.py
100755 blob 87e62cbe855b6302b4125c86310d27b0a1fdc8fa	ros2_ws/src/alfa_robot_moveit_config/scripts/pick_place_demo.py
100755 blob 477e8cacbe90a5598de819ee72a1808efdba0934	ros2_ws/src/alfa_robot_moveit_config/scripts/process_lifecycle.py
100755 blob b362ee703c19ee5c1b6920b1378a437c8434f9ca	ros2_ws/src/alfa_robot_moveit_config/scripts/reachability_tester.py
100755 blob d309a0cf2bad1095d22c411011290f97de3ab144	ros2_ws/src/alfa_robot_moveit_config/scripts/replay_container_pose_scene.py
100755 blob 1ef458c9743bd66640113af2efee188e668b403d	ros2_ws/src/alfa_robot_moveit_config/scripts/robot_motion_state_source.py
100755 blob 35d0f9be8f33439eb0d8b76a45d7de3d3c90e216	ros2_ws/src/alfa_robot_moveit_config/scripts/run_extract_live_benchmark.py
100755 blob 8cf549d7f59834dab49fab2399ff9c2a2b33fa63	ros2_ws/src/alfa_robot_moveit_config/scripts/rviz_dual_goal_pose_monitor.py
100755 blob 19db8bd1c0a295895f1ee2e82bc1c367607902b4	ros2_ws/src/alfa_robot_moveit_config/scripts/set_joints.py
100755 blob 5c6738c0653578d3f82c6e21722530b802c4e273	ros2_ws/src/alfa_robot_moveit_config/scripts/test_left_arm_full_planning.py
100755 blob f126f2291a539b3afa04bd5e52ad882de55af0cf	ros2_ws/src/alfa_robot_moveit_config/scripts/verify_extract_sequence_snapshot.py
100755 blob 6b88a19297f6107a4784ceabdb61a5fba35d2c26	ros2_ws/src/alfa_robot_moveit_config/scripts/visualize_ik_collision_pass_fail.py
100755 blob 6e86089d2d86a2a689e2dc0889d05225d9530d1e	ros2_ws/src/alfa_robot_moveit_config/scripts/visualize_moveit_box_stack_flow.py
100755 blob 0d47c5806f42fc2b1e8039609657cb720b9a1bd8	ros2_ws/src/alfa_robot_moveit_config/scripts/visualize_updown_scan_collision_highlights.py
100755 blob fd0f702b00983b7802dc59b5503d69dfe9d3e038	ros2_ws/src/alfa_robot_moveit_config/scripts/visualize_v3_continuous_reachability.py
100755 blob 9b60dcf9c1231aad142070bcc07919a7a90fb043	ros2_ws/src/alfa_robot_moveit_config/scripts/visualize_v3_reachability_scan_volume.py
100755 blob 359fd1c184a22baed6552dd2ea803f6016f8dfac	ros2_ws/src/alfa_robot_moveit_config/scripts/x_edge_refine_reachability.py
100644 blob 5c3f274b6ecea58e32170c6472d35aeb41b01c43	ros2_ws/src/alfa_robot_moveit_config/src/analytic_arm_ik_service_node.cpp
100644 blob db4cf6ee710b0be9dc68837f5c5c3c2a2098b0a5	ros2_ws/src/alfa_robot_moveit_config/src/box_pose_rrt_extract_planner.cpp
100644 blob 5efb967a5edf0b564ce0a2f4ea69db7b653bea9f	ros2_ws/src/alfa_robot_moveit_config/src/box_stack_flow_orchestrator.cpp
100644 blob fb8fd53a8b18b4ae71065c7eb9e21ccbafded8ad	ros2_ws/src/alfa_robot_moveit_config/src/dual_arm_planner_node.cpp
100644 blob a39de997a822d5b033211297305113bd4b6a951c	ros2_ws/src/alfa_robot_moveit_config/src/execution_trajectory_adapter.cpp
100644 blob 069810b192e090e344e29b10b70792a30daf7e6f	ros2_ws/src/alfa_robot_moveit_config/src/extract_demo_orchestrator.cpp
100644 blob 36cbf7701b0dfbaad8ac73b5cd34e1ead8645089	ros2_ws/src/alfa_robot_moveit_config/src/extract_monitor_json.cpp
100644 blob e7d3da1b7478a79d1151323123db9ed3b3601b05	ros2_ws/src/alfa_robot_moveit_config/src/extract_monitor_replay_builder.cpp
100644 blob 05b0df909852825af22e3b7524ac7e16a43700d7	ros2_ws/src/alfa_robot_moveit_config/src/extract_monitor_snapshot_writer.cpp
100644 blob bbf08890b2bb367c01f06ab6c031c060770258c6	ros2_ws/src/alfa_robot_moveit_config/src/extract_monitor_state.cpp
100644 blob dc4da719cc3f583fdde597d8714d72b55a2839e5	ros2_ws/src/alfa_robot_moveit_config/src/extract_monitor_transition_planning.cpp
100644 blob 453304bb230d6d8dc1344f9929f96920807de654	ros2_ws/src/alfa_robot_moveit_config/src/extract_planning_pipeline.cpp
100644 blob ce0329be78d0e38bf875332dc84b5d032cd35ce1	ros2_ws/src/alfa_robot_moveit_config/src/loaded_pose_planning.cpp
100644 blob d2847b38341b083b216f5452027a2c00838708c3	ros2_ws/src/alfa_robot_moveit_config/src/motion_collision_service_node.cpp
100644 blob 2ca97e43cbc9a6d2d32083d542d4d6bc2aebe236	ros2_ws/src/alfa_robot_moveit_config/src/motion_core/pose_math.cpp
100644 blob 849c814f049dae62cfc0c1787ca3c9059a870940	ros2_ws/src/alfa_robot_moveit_config/src/motion_flow_recorder.cpp
100644 blob 7030922e692fe0d1ea143c9d3034f8c807ca528b	ros2_ws/src/alfa_robot_moveit_config/src/optimized_ik_pipeline.cpp
100644 blob 34ae32ea05744c23c390dcdddf51a0f625267076	ros2_ws/src/alfa_robot_moveit_config/src/planning_diagnostics.cpp
100644 blob 5539839f7c2d1705100365f78e40db938a6e3f0a	ros2_ws/src/alfa_robot_moveit_config/src/trajectory_plan_utils.cpp
100644 blob 10935bde4057c82510379fa2cf41506220c827a1	ros2_ws/src/alfa_robot_moveit_config/src/v3_continuous_reachability.cpp
100644 blob 0130dfcc6deacd0a6c09fa2b6b7eea891d6afddb	ros2_ws/src/alfa_robot_moveit_config/src/v3_dual_arm_cartesian_box_demo.cpp
100644 blob 449a29343e34fa6eb36ba959e7e8ba7cb2dfbc4c	ros2_ws/src/alfa_robot_moveit_config/src/v3_redundant_ik_interactive_demo.cpp
100644 blob 84deefa85e0b6ef32c4e2682a72279887b41d93d	ros2_ws/src/alfa_robot_moveit_config/src/v3_single_arm_box_extract_demo.cpp
100644 blob 4528a9e423d91b59ea0215601434119bd9243528	ros2_ws/src/alfa_robot_moveit_config/srv/ConfigureExtractMonitor.srv
100644 blob 48d404c0bbe8598eaca565993dbf5d899cbf6198	ros2_ws/src/alfa_robot_moveit_config/srv/PlanWallBoxDemo.srv
100644 blob 1b31f85edab5516f6b1f06d3c61b3080803d52d5	ros2_ws/src/alfa_robot_moveit_config/test/analyze_v3_comfort_height.py
100644 blob 8694ad6323e82fa54a29cbe2766483b1460234ce	ros2_ws/src/alfa_robot_moveit_config/test/benchmark_v3_comfort_height.py
100644 blob 9a95f05abcb127222bb0dc1abca0bd0bab434a7b	ros2_ws/src/alfa_robot_moveit_config/test/test_analytic_moveit_fk.cpp
100644 blob 35fa3da4b27767ea3b7a69c2d1941c9b1373331c	ros2_ws/src/alfa_robot_moveit_config/test/test_comfort_height.cpp
100644 blob 801c573c7909e0f4b220d23180a08310938e5647	ros2_ws/src/alfa_robot_moveit_config/test/test_demo_failure.cpp
100644 blob 9a53a428c0cef6bb175e1cf821b0385523c8fc3f	ros2_ws/src/alfa_robot_moveit_config/test/test_demo_failure_viewers.py
100644 blob 5276a1ac054e1fd8088c6b989548cc425991b5c1	ros2_ws/src/alfa_robot_moveit_config/test/test_execution_trajectory_adapter.cpp
100644 blob 0c1514992f96e69a04287392400a6e38b30a121b	ros2_ws/src/alfa_robot_moveit_config/test/test_extract_monitor_json.cpp
100644 blob 61fa857822afaeab3829b524194a0dcad9787839	ros2_ws/src/alfa_robot_moveit_config/test/test_extract_monitor_replay_builder.cpp
100644 blob b194f29b24e4477728f573b5961d0a71e1294bc2	ros2_ws/src/alfa_robot_moveit_config/test/test_extract_monitor_snapshot_writer.cpp
100644 blob 5cd29ef2f510bb229713e9ca117684a23c99500b	ros2_ws/src/alfa_robot_moveit_config/test/test_extract_monitor_state.cpp
100644 blob 6a4b188ceaffeda29572e4cddeea8b55408c9951	ros2_ws/src/alfa_robot_moveit_config/test/test_extract_monitor_transition_planning.cpp
100755 blob 86b0ba541572956c394719696302e8101da877c2	ros2_ws/src/alfa_robot_moveit_config/test/test_extract_sequence_definition.py
100644 blob ec8a10ba5b71c049a3ccc16a00331915eabeafc3	ros2_ws/src/alfa_robot_moveit_config/test/test_ik_candidate_selector.cpp
100644 blob 9fe45d0f2a3741210e9f94ef6262cb2cfefe1464	ros2_ws/src/alfa_robot_moveit_config/test/test_live_execution_phase_split.py
100644 blob 9d5b0794b7504a53757439064a593d0c4670e11b	ros2_ws/src/alfa_robot_moveit_config/test/test_loaded_pose_selector.cpp
100644 blob 826157627e69171dc0a8b63b02a0195723280800	ros2_ws/src/alfa_robot_moveit_config/test/test_motion_flow_recorder.cpp
100644 blob 3a220522dfe931ebbad03b9911f8971219f06547	ros2_ws/src/alfa_robot_moveit_config/test/test_package_boundaries.py
100644 blob 81d3458aa75425cc4c62315a5c5a922d26aae0df	ros2_ws/src/alfa_robot_moveit_config/test/test_pose_math.cpp
100755 blob 7e7ea3ad9e036e900304a86897dd737aaca19cb5	ros2_ws/src/alfa_robot_moveit_config/test/test_process_lifecycle.py
100644 blob 006afece0da7026e2b7665a0d57bce2b3ec5c6b5	ros2_ws/src/alfa_robot_moveit_config/test/test_rerun_sequence_segments.py
100644 blob bf22652233d2efe64a530c734a9dda87e3082047	ros2_ws/src/alfa_robot_moveit_config/test/test_rerun_wall_timeline.py
100644 blob 8e0b04536ff76b451d92ef7d8d833a910b834546	ros2_ws/src/alfa_robot_moveit_config/test/test_trajectory_plan_utils.cpp
100644 blob 0cbf96e73433e7830514804c9457ea905051ce25	ros2_ws/src/alfa_robot_moveit_config/test/test_v311_analytic_moveit_fk.cpp
100644 blob cabfa0f0b09914a37d7158124367eef0b881c8c9	ros2_ws/src/alfa_robot_moveit_config/test/test_v311_demo_contract.py
100644 blob a35f47be859c7732b165aee3ff8fdce292be5847	ros2_ws/src/alfa_robot_moveit_config/test/test_v311_named_pose_collision.cpp
100644 blob 912e87976b6f70eabd2fba8f385a14f2946ec550	ros2_ws/src/alfa_robot_moveit_config/test/test_v3_box7_top_replay.py
100644 blob f8a813d76ca9dc0943ec46433af7a5dd39965027	ros2_ws/src/alfa_robot_moveit_config/test/test_v3_box_wall_environment.py
100644 blob f195290c3ec4b1714a3a30889bd98e7d39cd2cc6	ros2_ws/src/alfa_robot_moveit_config/test/test_v3_box_wall_grasp_demo.py
100644 blob 415288177278e21e53c47eaf86421bef515a2e62	ros2_ws/src/alfa_robot_moveit_config/test/test_v3_box_wall_height_alignment.py
100644 blob 4d2037b1a010e404d055b7313509f192b61deb37	ros2_ws/src/alfa_robot_moveit_config/test/test_v3_box_wall_preparation.py
100644 blob 2c8f9faab4362cdbff2a29454ef58252454e875e	ros2_ws/src/alfa_robot_moveit_config/test/test_v3_box_wall_sequence.py
100644 blob 04ca8996583b1f86f69e47524efcc548cb175cea	ros2_ws/src/alfa_robot_moveit_config/test/test_v3_box_wall_startup.py
100644 blob a445cced06edf49c06df2fae87281e3cc9acfc56	ros2_ws/src/alfa_robot_moveit_config/test/test_v3_box_wall_top_suction.py
100644 blob 51cf8d423b7b49e7620bd8b9d03f0fbc28e3b45c	ros2_ws/src/alfa_robot_moveit_config/test/test_v3_failure_replay.py
100644 blob 3458d1650ef1f8c21976405e5e82d056016311b2	ros2_ws/src/alfa_robot_moveit_config/test/test_wall_sequence.cpp
100644 blob 78ecf5f2f0ef08a61f231b44c2168feca6528aa7	ros2_ws/src/alfa_robot_moveit_config/test/test_wall_sequence_viewer.py
100644 blob 8b6ef10fb3f37c3850ee8828a3aebfca350c86e4	ros2_ws/src/alfa_robot_moveit_config/test/validate_v3_wall_replay.cpp
100644 blob a5bea50da1062571b6e79ecf268357fb00c00528	ros2_ws/src/alfa_robot_rerun/README.md
100644 blob e69de29bb2d1d6434b8b29ae775ad8c2e48c5391	ros2_ws/src/alfa_robot_rerun/alfa_robot_rerun/__init__.py
100644 blob 1e5ebd72483ec4e2b00b8853a57a473627469fd7	ros2_ws/src/alfa_robot_rerun/alfa_robot_rerun/basic_robot_viewer.py
100644 blob 25243a2a0359cd91d99612298ad47f46612495f2	ros2_ws/src/alfa_robot_rerun/alfa_robot_rerun/demo_failure.py
100644 blob 5f857fa9be48f14c9fc9780ca99d9395a3f40348	ros2_ws/src/alfa_robot_rerun/alfa_robot_rerun/joint_state_viewer_node.py
100644 blob e613d58bc798c9a71ac1a92042700e746fc820c1	ros2_ws/src/alfa_robot_rerun/alfa_robot_rerun/sequence_timeline.py
100644 blob 53a549bf4142ff22aa16083e599ed30509018ea7	ros2_ws/src/alfa_robot_rerun/alfa_robot_rerun/v3_dual_arm_cartesian_box_viewer.py
100644 blob 3f32de86c50a163e04df9be7a1770f86b999a535	ros2_ws/src/alfa_robot_rerun/alfa_robot_rerun/v3_redundant_solution_family_viewer.py
100644 blob 3acc5f51566c7d41a80a52dfd3f7d7231b649f03	ros2_ws/src/alfa_robot_rerun/alfa_robot_rerun/v3_single_arm_box_extract_viewer.py
100644 blob 4000ab9052e2a7a5278998ba03940d285e8ffee3	ros2_ws/src/alfa_robot_rerun/alfa_robot_rerun/visualize_rerun.py
100644 blob 5645148baf0884cfa2e826c9ac6586e12a61c60c	ros2_ws/src/alfa_robot_rerun/launch/basic_robot_viewer.launch.py
100644 blob 35b1c068881825ecf6863de5ae08f63cc8fddd7a	ros2_ws/src/alfa_robot_rerun/package.xml
100644 blob e69de29bb2d1d6434b8b29ae775ad8c2e48c5391	ros2_ws/src/alfa_robot_rerun/resource/alfa_robot_rerun
100644 blob 41e230c6591ac3bf968b55a276d596098c11bc0e	ros2_ws/src/alfa_robot_rerun/setup.cfg
100644 blob c60d32ba501d9df646ee5b7a49d26d5465021d45	ros2_ws/src/alfa_robot_rerun/setup.py
100644 blob 66422929c433fb8e708b807a4d4ce9eeaf772ca8	ros2_ws/src/alfa_robot_rerun/test/test_robot_model.py
100644 blob 6a53dcfa97b5e9faabb4d2157b24f5db7076a10d	ros2_ws/src/alfa_robot_rerun/test/test_v3_redundant_solution_family_viewer.py
100644 blob 5fa8d1e33bceca7444d18ff5a9b5d2c166488b7b	ros2_ws/src/alfa_system_interfaces/CMakeLists.txt
100644 blob d49a80facbe04877d6f375d0a7c5aa8058538c1a	ros2_ws/src/alfa_system_interfaces/msg/DomainReadiness.msg
100644 blob 6e2d0e088c4dedd0049bc6b851760f7408f3952e	ros2_ws/src/alfa_system_interfaces/msg/ErrorInfo.msg
100644 blob b9bcdd6b51a1e8934ef8187b4be1d25ea299830b	ros2_ws/src/alfa_system_interfaces/msg/TaskContext.msg
100644 blob 9ac20333e0978b07b8d94e8444fdfd8850f23d06	ros2_ws/src/alfa_system_interfaces/package.xml
100644 blob 2b594fa2336316907f9bfc323ea6d48a9a4980de	ros2_ws/src/alfa_task_interfaces/CMakeLists.txt
100644 blob 9edc28f2d1d6d651f47a58e5f0adfe3f21b45cc4	ros2_ws/src/alfa_task_interfaces/action/PlanAndExecutePick.action
100644 blob 8507e6506a699d6ec630d257c06f031630034767	ros2_ws/src/alfa_task_interfaces/action/PlanAndExecutePlace.action
100644 blob 3826233d6b8ac3c58228c5d66b447bd455e75ab3	ros2_ws/src/alfa_task_interfaces/msg/BoxGeometry.msg
100644 blob 9d269b791933b515dc2d4f280fb32caf73803136	ros2_ws/src/alfa_task_interfaces/msg/PickOutcome.msg
100644 blob df7c363582c40eeb495e4efe1fca9f3fce4fbfb1	ros2_ws/src/alfa_task_interfaces/msg/PickTarget.msg
100644 blob bca6de57b8b6fd1ea1eb53dd33dd104b09e75f23	ros2_ws/src/alfa_task_interfaces/msg/PlaceOutcome.msg
100644 blob e058b471e6b830626581bf464ef0be227572738a	ros2_ws/src/alfa_task_interfaces/msg/PlaceTarget.msg
100644 blob 72350065062eaff9ec51195db62e7a04c1981738	ros2_ws/src/alfa_task_interfaces/package.xml
100644 blob 67479bd75034e4f5df51e3e8af72b7b68381cb66	ros2_ws/src/dependency.repos
100644 blob 4eba8c9cd3c4008cfb73bafaa9acc1cd454d00ee	ros2_ws/src/robot_interfaces/CMakeLists.txt
100644 blob 2a2966c3f7204be7e507fe5d195cd5e92c997798	ros2_ws/src/robot_interfaces/msg/PlcIoState.msg
100644 blob a6431df61b592d4a2b29af81148be072040d6b07	ros2_ws/src/robot_interfaces/package.xml
100644 blob 91dcfc6a0e6e49bf1c6d557bba3c6bcd58e49d09	ros2_ws/src/robot_motion_core/CMakeLists.txt
100644 blob 85f760c4e8de3a74fe9aa5463ed10ac50aded96b	ros2_ws/src/robot_motion_core/README.md
100644 blob 29ae687e9b47b905496aa42a304ee62ca39a4f40	ros2_ws/src/robot_motion_core/include/robot_motion_core/box_pose_extract_rrt.hpp
100644 blob 9d385bf79a7e36099b8dfea994970c4db008c5b3	ros2_ws/src/robot_motion_core/include/robot_motion_core/ik_candidate_types.hpp
100644 blob 59e4c8ab719cf7f4dfe37ba9f05e99c13b476e32	ros2_ws/src/robot_motion_core/package.xml
100644 blob 88050c9093e33a4baded96b7f094b8cdd894bac4	ros2_ws/src/robot_motion_core/src/box_pose_extract_rrt.cpp
100644 blob e1b9b36c85b5cfe16a4de3af264f14e4c128de0f	ros2_ws/src/robot_motion_core/test/test_box_pose_extract_rrt.cpp
100644 blob 5e213cc438280ffe3505380dc890e34dccae64a0	ros2_ws/src/robot_motion_core/test/test_ik_candidate_types.cpp
100644 blob f5962269ba94032f5386cc456bab829463d63f4c	ros2_ws/src/robot_motion_interfaces/CMakeLists.txt
100644 blob fda62fe1de29e7d15213e6dc9260c94c84095d3a	ros2_ws/src/robot_motion_interfaces/msg/ArmExtractPolicy.msg
100644 blob e21ac2d3972e36059745ee4101d60b7a340a1a2d	ros2_ws/src/robot_motion_interfaces/msg/AttachedBox.msg
100644 blob a6e7d2186094b83dea3f0301a2370032de31a158	ros2_ws/src/robot_motion_interfaces/msg/DualGraspStrategy.msg
100644 blob 9b0591b6aaf64e182e573fc0a36d04c7227a5368	ros2_ws/src/robot_motion_interfaces/msg/GraspTarget.msg
100644 blob db500da4225b844abefcffbe821f8d7dc59ac579	ros2_ws/src/robot_motion_interfaces/msg/MotionContext.msg
100644 blob 493497eb7f93041c67a87d2bb78e00907a0bf935	ros2_ws/src/robot_motion_interfaces/msg/MotionPlanCandidate.msg
100644 blob caffb085d76d9f5d83e37cc3c632483bb020c045	ros2_ws/src/robot_motion_interfaces/msg/Pose6D.msg
100644 blob 3d53b6540e3a366927398e5d3da7829458a2774a	ros2_ws/src/robot_motion_interfaces/msg/RobotMotionScene.msg
100644 blob 24d4f37a397e1189af9f35f8c1b0575597380c96	ros2_ws/src/robot_motion_interfaces/msg/RobotMotionState.msg
100644 blob e26a2a69b92afbf6ecdbb3b0ff641b4cc8c2dbd7	ros2_ws/src/robot_motion_interfaces/msg/TaskReceipt.msg
100644 blob bad5ec5cda23da91f6265afdf3a8eba273cea443	ros2_ws/src/robot_motion_interfaces/package.xml
100644 blob 515d7be906f581f34f23fd06a3d194dfc97318ce	ros2_ws/src/robot_motion_interfaces/srv/CheckCollision.srv
100644 blob 6a4adb8ab143db7b71325275798c9c36d122426b	ros2_ws/src/robot_motion_interfaces/srv/ExecuteTrajectory.srv
100644 blob 9b083bedb07b02315eca2e1d70e1c54bf2a3f58d	ros2_ws/src/robot_motion_interfaces/srv/PlanDualArmIk.srv
100644 blob 11d6b0875f92126d40907759b31d1947e7543e2a	ros2_ws/src/robot_motion_interfaces/srv/PlanExtract.srv
100644 blob 3f19b784d8e781ca18de5363427981ab95f264df	ros2_ws/src/robot_motion_interfaces/srv/PlanLoaded.srv
100644 blob 205d9174a840d213dffe27d4c875b74dcafcb258	ros2_ws/src/robot_motion_interfaces/srv/RunBoxPairTask.srv
100644 blob 9b8aba7aeaf26bfb4535ce23eca9a7977f889686	ros2_ws/src/robot_motion_interfaces/srv/RunDualArmPoseTask.srv
100644 blob ac157929d809767db4858c269e374ff4a76c8eb7	ros2_ws/src/robot_motion_interfaces/srv/RunDualGraspTask.srv
100644 blob bbef30ef080b980fe0087b0bfdeee803d99b4e15	ros2_ws/src/robot_motion_interfaces/srv/RunMotionTask.srv
100644 blob fd4b75674af21e06335d4cd6f57ec710ce99c821	ros2_ws/src/robot_motion_interfaces/srv/SetRobotMotionScene.srv
100644 blob 026efec02ab7048b09e87dac0d962110a0bc6703	ros2_ws/src/robot_motion_interfaces/srv/SetRobotMotionState.srv
100644 blob 08860afd54668f76ee0a6cf9ed89c797ff1cac12	ros2_ws/src/robot_motion_interfaces/srv/SolveArmIk.srv
100644 blob 6bd5cf0c257eb4a82c2fa2361c138dca5d59dee5	ros2_ws/src/robot_motion_runtime/README.md
100644 blob 086f6045e02625846366bcd2eaad0da8443d8c56	ros2_ws/src/robot_motion_runtime/launch/runtime_full_stack.launch.py
100644 blob a3927890d769800c35a6ec58476ed5fa8be23d73	ros2_ws/src/robot_motion_runtime/launch/runtime_services.launch.py
100644 blob ebdd431eab8707bb5abce0ce7c23e1e0ee8cb380	ros2_ws/src/robot_motion_runtime/launch/sim_bringup.launch.py
100644 blob c75665c1b1e6dfd5d1eb32cbc6b37d79647d08e4	ros2_ws/src/robot_motion_runtime/package.xml
100644 blob e69de29bb2d1d6434b8b29ae775ad8c2e48c5391	ros2_ws/src/robot_motion_runtime/resource/robot_motion_runtime
100644 blob e69de29bb2d1d6434b8b29ae775ad8c2e48c5391	ros2_ws/src/robot_motion_runtime/robot_motion_runtime/__init__.py
100644 blob bcf5b8bdd23890c006990fbf9c1aa0066a010eeb	ros2_ws/src/robot_motion_runtime/robot_motion_runtime/box_pair_task_adapter_node.py
100644 blob 9164a1383c6a875d24a8a594882a12270ee3c262	ros2_ws/src/robot_motion_runtime/robot_motion_runtime/common.py
100644 blob 6ec48e6c6736d8b4b161b8d025d2dec4d09f23d7	ros2_ws/src/robot_motion_runtime/robot_motion_runtime/dual_arm_ik_candidate_service_node.py
100644 blob 0f9afb05563e3d3f803bb870ac131a5d3b598704	ros2_ws/src/robot_motion_runtime/robot_motion_runtime/dual_grasp_strategy.py
100644 blob 7d64c00fc858546e7eb67858eb9c908956d80c48	ros2_ws/src/robot_motion_runtime/robot_motion_runtime/dual_grasp_task_adapter_node.py
100644 blob 6d0ebde74d419c8d761a6529621034e9f6df3264	ros2_ws/src/robot_motion_runtime/robot_motion_runtime/execute_trajectory_service_node.py
100644 blob 257f75de2b4385ca81fc164d16138a03d82bb31c	ros2_ws/src/robot_motion_runtime/robot_motion_runtime/kinematic_sim_executor_node.py
100644 blob f1e1dd3a6ed706c7e7adb289f38ee7d5ffec331d	ros2_ws/src/robot_motion_runtime/robot_motion_runtime/motion_runtime_dashboard_node.py
100644 blob 33cdde7f261a5fb5fc4bc641d8bf0d788ad07d1f	ros2_ws/src/robot_motion_runtime/robot_motion_runtime/motion_scene_source_node.py
100644 blob 340c6b6a7cc69afa48aeed1e48d21f88fd8050b1	ros2_ws/src/robot_motion_runtime/robot_motion_runtime/motion_state_source_node.py
100644 blob 9e0f69745de87c425b7099f2d694f04dbb3c5958	ros2_ws/src/robot_motion_runtime/robot_motion_runtime/motion_task_orchestrator_node.py
100644 blob 9bcb3e88fe12dc6dd4869c7536beaeb65b34b59d	ros2_ws/src/robot_motion_runtime/robot_motion_runtime/plan_extract_service_node.py
100644 blob 744407164926152915a3c049e330bd7d04284605	ros2_ws/src/robot_motion_runtime/robot_motion_runtime/plan_loaded_service_node.py
100644 blob 36c56c4e24181e8938907e38c2c614d169318b9b	ros2_ws/src/robot_motion_runtime/robot_motion_runtime/vehicle_pose_source_node.py
100644 blob 5e75060a032347c580153d46303e3ca76ded985f	ros2_ws/src/robot_motion_runtime/setup.cfg
100644 blob b3392dff617070faada631dbc668e7808236003e	ros2_ws/src/robot_motion_runtime/setup.py
100644 blob 9efe3cc00409d328a5a7b6a9a88cc79b1e4406a3	ros2_ws/src/robot_motion_runtime/test/test_authoritative_sources.py
100644 blob 888536f2bb6c5fdbf1095ec1608beb1542d3fec3	ros2_ws/src/robot_motion_runtime/test/test_common.py
100644 blob 318bd64f483a82cc131c136b9ff7f89d65425d60	ros2_ws/src/robot_motion_runtime/test/test_dual_grasp_strategy.py
100644 blob f30dc208eddd01a01e51119db50d7f88c9c31a6d	ros2_ws/src/robot_motion_scene_service/CMakeLists.txt
100644 blob 8c50b544040dcc57de0695f5077301c0c886df74	ros2_ws/src/robot_motion_scene_service/README.md
100644 blob 29110813537984d3331c403d714cdb6d6683d33f	ros2_ws/src/robot_motion_scene_service/docs/responsibility.md
100644 blob c3315ed97d90cfc1982b7369d014724aef80e03d	ros2_ws/src/robot_motion_scene_service/include/robot_motion_scene_service/motion_core/scene_geometry.hpp
100644 blob eb6096c0b93c75e8d8f02f577aa4d7e656a119f7	ros2_ws/src/robot_motion_scene_service/include/robot_motion_scene_service/motion_core/scene_pose.hpp
100644 blob 50df5029c506d2b8ee5849a1a3b5268b020cc4d5	ros2_ws/src/robot_motion_scene_service/include/robot_motion_scene_service/motion_core/task_geometry.hpp
100644 blob 330a203495ef09acfec0272d4ee29fd2f98abf4f	ros2_ws/src/robot_motion_scene_service/include/robot_motion_scene_service/motion_scene_adapter.hpp
100644 blob d9e31d101ca2c113c9dc43b7e8be2dc848875d2e	ros2_ws/src/robot_motion_scene_service/package.xml
100644 blob b84cbeb0e2782134e4371ac70baa771e3c02cf2d	ros2_ws/src/robot_motion_scene_service/src/motion_core/scene_geometry.cpp
100644 blob 256c2e49fb2c4a738ea0e64cfc965fc77c4f3072	ros2_ws/src/robot_motion_scene_service/src/motion_core/scene_pose.cpp
100644 blob 213df568afc79342d1f09bd759324b656f9ba5c1	ros2_ws/src/robot_motion_scene_service/src/motion_core/task_geometry.cpp
100644 blob 381b684a9103325d5fd28f7c6c17ad45a4c4bca4	ros2_ws/src/robot_motion_scene_service/src/motion_scene_adapter.cpp
100644 blob 0dae3fa790cc70bb2e5c889c1301cd1328499a0c	ros2_ws/src/robot_motion_scene_service/test/test_scene_geometry.cpp
100644 blob 105a40e1723dda27e6d4b58b492febcdcbfc7f60	ros2_ws/src/robot_motion_scene_service/test/test_task_geometry.cpp
